{
"type": "FeatureCollection",
"name": "oil_spill_candidates_db30",
"crs": { "type": "name", "properties": { "name": "urn:ogc:def:crs:OGC:1.3:CRS84" } },
"features": [
{ "type": "Feature", "properties": { "component_id": 32, "rank": 4, "pixel_count": 16057, "approx_area_km2": 1.5046359162042955, "mean_probability": 0.96291544818433472, "max_probability": 1.0, "centroid_lon": 57.660880252740931, "centroid_lat": -20.547348343213265, "distance_to_wakashio_km": 14.986967976548364, "area_km2": 1.4950930021521021 }, "geometry": { "type": "Polygon", "coordinates": [ [ [ 57.650018405821847, -20.542252978862912 ], [ 57.650018405821847, -20.542342810391322 ], [ 57.649928574293433, -20.542342810391322 ], [ 57.649928574293433, -20.549978490306337 ], [ 57.680830620067148, -20.549978490306337 ], [ 57.680830620067148, -20.549888658777927 ], [ 57.680920451595554, -20.549888658777927 ], [ 57.680920451595554, -20.549798827249514 ], [ 57.680830620067148, -20.549798827249514 ], [ 57.680830620067148, -20.549708995721101 ], [ 57.680740788538735, -20.549708995721101 ], [ 57.680740788538735, -20.549619164192691 ], [ 57.680650957010322, -20.549619164192691 ], [ 57.680650957010322, -20.549529332664278 ], [ 57.680471293953495, -20.549529332664278 ], [ 57.680471293953495, -20.549439501135868 ], [ 57.680381462425082, -20.549439501135868 ], [ 57.680381462425082, -20.549349669607455 ], [ 57.680201799368263, -20.549349669607455 ], [ 57.680201799368263, -20.549259838079042 ], [ 57.680022136311436, -20.549259838079042 ], [ 57.680022136311436, -20.549170006550632 ], [ 57.679572978669377, -20.549170006550632 ], [ 57.679572978669377, -20.549080175022219 ], [ 57.679123821027318, -20.549080175022219 ], [ 57.679123821027318, -20.548990343493806 ], [ 57.678674663385259, -20.548990343493806 ], [ 57.678674663385259, -20.548900511965396 ], [ 57.678315337271613, -20.548900511965396 ], [ 57.678315337271613, -20.548810680436983 ], [ 57.677776348101141, -20.548810680436983 ], [ 57.677776348101141, -20.54872084890857 ], [ 57.677506853515901, -20.54872084890857 ], [ 57.677506853515901, -20.54863101738016 ], [ 57.677147527402255, -20.54863101738016 ], [ 57.677147527402255, -20.548541185851747 ], [ 57.676788201288609, -20.548541185851747 ], [ 57.676788201288609, -20.548451354323337 ], [ 57.67633904364655, -20.548451354323337 ], [ 57.67633904364655, -20.548361522794924 ], [ 57.67606954906131, -20.548361522794924 ], [ 57.67606954906131, -20.54827169126651 ], [ 57.675710222947664, -20.54827169126651 ], [ 57.675710222947664, -20.548181859738101 ], [ 57.675350896834018, -20.548181859738101 ], [ 57.675350896834018, -20.548092028209687 ], [ 57.674991570720366, -20.548092028209687 ], [ 57.674991570720366, -20.548002196681274 ], [ 57.67463224460672, -20.548002196681274 ], [ 57.67463224460672, -20.547912365152865 ], [ 57.674362750021487, -20.547912365152865 ], [ 57.674362750021487, -20.547822533624451 ], [ 57.674003423907834, -20.547822533624451 ], [ 57.674003423907834, -20.547732702096038 ], [ 57.673554266265775, -20.547732702096038 ], [ 57.673554266265775, -20.547642870567628 ], [ 57.673194940152129, -20.547642870567628 ], [ 57.673194940152129, -20.547553039039215 ], [ 57.67274578251007, -20.547553039039215 ], [ 57.67274578251007, -20.547463207510805 ], [ 57.67247628792483, -20.547463207510805 ], [ 57.67247628792483, -20.547373375982392 ], [ 57.672027130282771, -20.547373375982392 ], [ 57.672027130282771, -20.547283544453979 ], [ 57.671577972640712, -20.547283544453979 ], [ 57.671577972640712, -20.547193712925569 ], [ 57.670769488885007, -20.547193712925569 ], [ 57.670769488885007, -20.547103881397156 ], [ 57.670410162771361, -20.547103881397156 ], [ 57.670410162771361, -20.547014049868743 ], [ 57.670050836657708, -20.547014049868743 ], [ 57.670050836657708, -20.546924218340333 ], [ 57.669601679015649, -20.546924218340333 ], [ 57.669601679015649, -20.54683438681192 ], [ 57.669332184430417, -20.54683438681192 ], [ 57.669332184430417, -20.546744555283507 ], [ 57.669062689845177, -20.546744555283507 ], [ 57.669062689845177, -20.546654723755097 ], [ 57.668883026788357, -20.546654723755097 ], [ 57.668883026788357, -20.546564892226684 ], [ 57.668523700674704, -20.546564892226684 ], [ 57.668523700674704, -20.546475060698274 ], [ 57.668164374561059, -20.546475060698274 ], [ 57.668164374561059, -20.546385229169861 ], [ 57.667715216918999, -20.546385229169861 ], [ 57.667715216918999, -20.546295397641448 ], [ 57.667176227748527, -20.546295397641448 ], [ 57.667176227748527, -20.546205566113038 ], [ 57.666996564691708, -20.546205566113038 ], [ 57.666996564691708, -20.546115734584625 ], [ 57.666637238578055, -20.546115734584625 ], [ 57.666637238578055, -20.546025903056211 ], [ 57.666277912464409, -20.546025903056211 ], [ 57.666277912464409, -20.545936071527802 ], [ 57.665918586350763, -20.545936071527802 ], [ 57.665918586350763, -20.545846239999388 ], [ 57.66555926023711, -20.545846239999388 ], [ 57.66555926023711, -20.545756408470975 ], [ 57.665199934123464, -20.545756408470975 ], [ 57.665199934123464, -20.545666576942565 ], [ 57.664840608009818, -20.545666576942565 ], [ 57.664840608009818, -20.545576745414152 ], [ 57.664391450367759, -20.545576745414152 ], [ 57.664391450367759, -20.545486913885743 ], [ 57.664032124254106, -20.545486913885743 ], [ 57.664032124254106, -20.545397082357329 ], [ 57.663762629668874, -20.545397082357329 ], [ 57.663762629668874, -20.545307250828916 ], [ 57.663403303555228, -20.545307250828916 ], [ 57.663403303555228, -20.545217419300506 ], [ 57.662954145913169, -20.545217419300506 ], [ 57.662954145913169, -20.545127587772093 ], [ 57.662594819799516, -20.545127587772093 ], [ 57.662594819799516, -20.54503775624368 ], [ 57.662145662157457, -20.54503775624368 ], [ 57.662145662157457, -20.54494792471527 ], [ 57.661786336043811, -20.54494792471527 ], [ 57.661786336043811, -20.544858093186857 ], [ 57.661337178401752, -20.544858093186857 ], [ 57.661337178401752, -20.544768261658444 ], [ 57.660888020759693, -20.544768261658444 ], [ 57.660888020759693, -20.544678430130034 ], [ 57.660618526174453, -20.544678430130034 ], [ 57.660618526174453, -20.544588598601621 ], [ 57.660169368532394, -20.544588598601621 ], [ 57.660169368532394, -20.544498767073211 ], [ 57.659810042418748, -20.544498767073211 ], [ 57.659810042418748, -20.544408935544798 ], [ 57.659360884776689, -20.544408935544798 ], [ 57.659360884776689, -20.544319104016385 ], [ 57.659001558663043, -20.544319104016385 ], [ 57.659001558663043, -20.544229272487975 ], [ 57.658732064077803, -20.544229272487975 ], [ 57.658732064077803, -20.544139440959562 ], [ 57.658372737964157, -20.544139440959562 ], [ 57.658372737964157, -20.544049609431148 ], [ 57.657833748793685, -20.544049609431148 ], [ 57.657833748793685, -20.543959777902739 ], [ 57.657474422680039, -20.543959777902739 ], [ 57.657474422680039, -20.543869946374326 ], [ 57.657115096566386, -20.543869946374326 ], [ 57.657115096566386, -20.543780114845912 ], [ 57.65675577045274, -20.543780114845912 ], [ 57.65675577045274, -20.543690283317503 ], [ 57.656396444339094, -20.543690283317503 ], [ 57.656396444339094, -20.543600451789089 ], [ 57.655947286697035, -20.543600451789089 ], [ 57.655947286697035, -20.54351062026068 ], [ 57.655587960583389, -20.54351062026068 ], [ 57.655587960583389, -20.543420788732266 ], [ 57.655228634469736, -20.543420788732266 ], [ 57.655228634469736, -20.543330957203853 ], [ 57.654869308356091, -20.543330957203853 ], [ 57.654869308356091, -20.543241125675443 ], [ 57.654509982242445, -20.543241125675443 ], [ 57.654509982242445, -20.54315129414703 ], [ 57.654240487657205, -20.54315129414703 ], [ 57.654240487657205, -20.543061462618617 ], [ 57.653701498486733, -20.543061462618617 ], [ 57.653701498486733, -20.542971631090207 ], [ 57.653342172373087, -20.542971631090207 ], [ 57.653342172373087, -20.542881799561794 ], [ 57.652893014731028, -20.542881799561794 ], [ 57.652893014731028, -20.542791968033381 ], [ 57.652533688617382, -20.542791968033381 ], [ 57.652533688617382, -20.542702136504971 ], [ 57.652174362503729, -20.542702136504971 ], [ 57.652174362503729, -20.542612304976558 ], [ 57.65172520486167, -20.542612304976558 ], [ 57.65172520486167, -20.542522473448148 ], [ 57.651276047219611, -20.542522473448148 ], [ 57.651276047219611, -20.542432641919735 ], [ 57.650826889577552, -20.542432641919735 ], [ 57.650826889577552, -20.542342810391322 ], [ 57.650467563463906, -20.542342810391322 ], [ 57.650467563463906, -20.542252978862912 ], [ 57.650018405821847, -20.542252978862912 ] ] ] } },
{ "type": "Feature", "properties": { "component_id": 1, "rank": 3, "pixel_count": 30497, "approx_area_km2": 2.8577493639211808, "mean_probability": 0.77586648570436623, "max_probability": 1.0, "centroid_lon": 57.792233899713395, "centroid_lat": -20.306863727076731, "distance_to_wakashio_km": 15.390513112322498, "area_km2": 2.8437973830427348 }, "geometry": { "type": "Polygon", "coordinates": [ [ [ 57.779914795905526, -20.299977346735876 ], [ 57.779914795905526, -20.300067178264289 ], [ 57.779824964377113, -20.300067178264289 ], [ 57.779824964377113, -20.300336672849525 ], [ 57.780004627433939, -20.300336672849525 ], [ 57.780004627433939, -20.300516335906348 ], [ 57.780094458962353, -20.300516335906348 ], [ 57.780094458962353, -20.300606167434758 ], [ 57.780274122019179, -20.300606167434758 ], [ 57.780274122019179, -20.300695998963171 ], [ 57.780363953547585, -20.300695998963171 ], [ 57.780363953547585, -20.300785830491584 ], [ 57.780453785075998, -20.300785830491584 ], [ 57.780453785075998, -20.300875662019994 ], [ 57.780543616604412, -20.300875662019994 ], [ 57.780543616604412, -20.30114515660523 ], [ 57.780633448132825, -20.30114515660523 ], [ 57.780633448132825, -20.301234988133643 ], [ 57.780543616604412, -20.301234988133643 ], [ 57.780543616604412, -20.301414651190466 ], [ 57.780453785075998, -20.301414651190466 ], [ 57.780453785075998, -20.301324819662057 ], [ 57.780274122019179, -20.301324819662057 ], [ 57.780274122019179, -20.301234988133643 ], [ 57.779914795905526, -20.301234988133643 ], [ 57.779914795905526, -20.30105532507682 ], [ 57.779824964377113, -20.30105532507682 ], [ 57.779824964377113, -20.300965493548407 ], [ 57.779735132848707, -20.300965493548407 ], [ 57.779735132848707, -20.300875662019994 ], [ 57.77955546979188, -20.300875662019994 ], [ 57.77955546979188, -20.30114515660523 ], [ 57.779465638263467, -20.30114515660523 ], [ 57.779465638263467, -20.301414651190466 ], [ 57.779375806735054, -20.301414651190466 ], [ 57.779375806735054, -20.301594314247289 ], [ 57.779914795905526, -20.301594314247289 ], [ 57.779914795905526, -20.301773977304116 ], [ 57.780004627433939, -20.301773977304116 ], [ 57.780004627433939, -20.301863808832525 ], [ 57.780094458962353, -20.301863808832525 ], [ 57.780094458962353, -20.302043471889352 ], [ 57.780184290490766, -20.302043471889352 ], [ 57.780184290490766, -20.302582461059821 ], [ 57.780274122019179, -20.302582461059821 ], [ 57.780274122019179, -20.302672292588234 ], [ 57.780363953547585, -20.302672292588234 ], [ 57.780363953547585, -20.302851955645057 ], [ 57.780453785075998, -20.302851955645057 ], [ 57.780453785075998, -20.30294178717347 ], [ 57.780543616604412, -20.30294178717347 ], [ 57.780543616604412, -20.303121450230293 ], [ 57.780633448132825, -20.303121450230293 ], [ 57.780633448132825, -20.30330111328712 ], [ 57.780723279661238, -20.30330111328712 ], [ 57.780723279661238, -20.304019765514415 ], [ 57.780813111189644, -20.304019765514415 ], [ 57.780813111189644, -20.304558754684884 ], [ 57.780723279661238, -20.304558754684884 ], [ 57.780723279661238, -20.305457069969005 ], [ 57.780633448132825, -20.305457069969005 ], [ 57.780633448132825, -20.306175722196301 ], [ 57.780543616604412, -20.306175722196301 ], [ 57.780543616604412, -20.306535048309946 ], [ 57.780453785075998, -20.306535048309946 ], [ 57.780453785075998, -20.307433363594068 ], [ 57.780543616604412, -20.307433363594068 ], [ 57.780543616604412, -20.307702858179304 ], [ 57.780633448132825, -20.307702858179304 ], [ 57.780633448132825, -20.307972352764541 ], [ 57.780723279661238, -20.307972352764541 ], [ 57.780723279661238, -20.308152015821364 ], [ 57.780813111189644, -20.308152015821364 ], [ 57.780813111189644, -20.308870668048659 ], [ 57.780723279661238, -20.308870668048659 ], [ 57.780723279661238, -20.310307972503249 ], [ 57.780813111189644, -20.310307972503249 ], [ 57.780813111189644, -20.312104603071489 ], [ 57.780723279661238, -20.312104603071489 ], [ 57.780723279661238, -20.312553760713548 ], [ 57.780633448132825, -20.312553760713548 ], [ 57.780633448132825, -20.312823255298785 ], [ 57.780543616604412, -20.312823255298785 ], [ 57.780543616604412, -20.313002918355608 ], [ 57.780453785075998, -20.313002918355608 ], [ 57.780453785075998, -20.313182581412434 ], [ 57.780363953547585, -20.313182581412434 ], [ 57.780363953547585, -20.313362244469257 ], [ 57.780274122019179, -20.313362244469257 ], [ 57.780274122019179, -20.31345207599767 ], [ 57.780184290490766, -20.31345207599767 ], [ 57.780184290490766, -20.313631739054493 ], [ 57.780094458962353, -20.313631739054493 ], [ 57.780094458962353, -20.313721570582903 ], [ 57.780004627433939, -20.313721570582903 ], [ 57.780004627433939, -20.313811402111316 ], [ 57.779914795905526, -20.313811402111316 ], [ 57.779914795905526, -20.313991065168139 ], [ 57.779824964377113, -20.313991065168139 ], [ 57.779824964377113, -20.314170728224966 ], [ 57.779735132848707, -20.314170728224966 ], [ 57.779735132848707, -20.314260559753375 ], [ 57.779645301320294, -20.314260559753375 ], [ 57.779645301320294, -20.314440222810202 ], [ 57.77955546979188, -20.314440222810202 ], [ 57.77955546979188, -20.314530054338611 ], [ 57.779465638263467, -20.314530054338611 ], [ 57.779465638263467, -20.314619885867025 ], [ 57.779375806735054, -20.314619885867025 ], [ 57.779375806735054, -20.314709717395434 ], [ 57.779285975206648, -20.314709717395434 ], [ 57.779285975206648, -20.314799548923848 ], [ 57.779196143678234, -20.314799548923848 ], [ 57.779196143678234, -20.314889380452261 ], [ 57.779106312149821, -20.314889380452261 ], [ 57.779106312149821, -20.31497921198067 ], [ 57.779016480621408, -20.31497921198067 ], [ 57.779016480621408, -20.315069043509084 ], [ 57.778836817564581, -20.315069043509084 ], [ 57.778836817564581, -20.315158875037497 ], [ 57.778657154507762, -20.315158875037497 ], [ 57.778657154507762, -20.315248706565907 ], [ 57.778387659922522, -20.315248706565907 ], [ 57.778387659922522, -20.31533853809432 ], [ 57.778207996865703, -20.31533853809432 ], [ 57.778207996865703, -20.315428369622733 ], [ 57.777938502280463, -20.315428369622733 ], [ 57.777938502280463, -20.315518201151143 ], [ 57.777758839223644, -20.315518201151143 ], [ 57.777758839223644, -20.315608032679556 ], [ 57.777489344638404, -20.315608032679556 ], [ 57.777489344638404, -20.315697864207966 ], [ 57.777219850053172, -20.315697864207966 ], [ 57.777219850053172, -20.315787695736379 ], [ 57.776860523939519, -20.315787695736379 ], [ 57.776860523939519, -20.315877527264792 ], [ 57.776591029354286, -20.315877527264792 ], [ 57.776591029354286, -20.316236853378438 ], [ 57.776501197825873, -20.316236853378438 ], [ 57.776501197825873, -20.316865674077324 ], [ 57.776411366297459, -20.316865674077324 ], [ 57.776411366297459, -20.317494494776206 ], [ 57.776321534769053, -20.317494494776206 ], [ 57.776321534769053, -20.318123315475091 ], [ 57.77623170324064, -20.318123315475091 ], [ 57.77623170324064, -20.318752136173973 ], [ 57.776141871712227, -20.318752136173973 ], [ 57.776141871712227, -20.319380956872859 ], [ 57.776052040183814, -20.319380956872859 ], [ 57.776052040183814, -20.319919946043328 ], [ 57.7759622086554, -20.319919946043328 ], [ 57.7759622086554, -20.320548766742213 ], [ 57.776052040183814, -20.320548766742213 ], [ 57.776052040183814, -20.32081826132745 ], [ 57.776141871712227, -20.32081826132745 ], [ 57.776141871712227, -20.321087755912686 ], [ 57.77623170324064, -20.321087755912686 ], [ 57.77623170324064, -20.321267418969509 ], [ 57.776321534769053, -20.321267418969509 ], [ 57.776321534769053, -20.321536913554745 ], [ 57.776411366297459, -20.321536913554745 ], [ 57.776411366297459, -20.321806408139981 ], [ 57.776501197825873, -20.321806408139981 ], [ 57.776501197825873, -20.321986071196804 ], [ 57.776591029354286, -20.321986071196804 ], [ 57.776591029354286, -20.32225556578204 ], [ 57.776680860882699, -20.32225556578204 ], [ 57.776680860882699, -20.322525060367276 ], [ 57.776770692411112, -20.322525060367276 ], [ 57.776770692411112, -20.322794554952512 ], [ 57.776860523939519, -20.322794554952512 ], [ 57.776860523939519, -20.322974218009335 ], [ 57.776950355467932, -20.322974218009335 ], [ 57.776950355467932, -20.323243712594572 ], [ 57.777040186996345, -20.323243712594572 ], [ 57.777040186996345, -20.323513207179808 ], [ 57.777130018524758, -20.323513207179808 ], [ 57.777130018524758, -20.323782701765044 ], [ 57.777219850053172, -20.323782701765044 ], [ 57.777219850053172, -20.323962364821867 ], [ 57.777309681581585, -20.323962364821867 ], [ 57.777309681581585, -20.324231859407103 ], [ 57.777399513109991, -20.324231859407103 ], [ 57.777399513109991, -20.324501353992339 ], [ 57.777489344638404, -20.324501353992339 ], [ 57.777489344638404, -20.324681017049162 ], [ 57.777579176166817, -20.324681017049162 ], [ 57.777579176166817, -20.324950511634398 ], [ 57.777669007695231, -20.324950511634398 ], [ 57.777669007695231, -20.325220006219634 ], [ 57.777758839223644, -20.325220006219634 ], [ 57.777758839223644, -20.325489500804871 ], [ 57.77784867075205, -20.325489500804871 ], [ 57.77784867075205, -20.325669163861694 ], [ 57.777938502280463, -20.325669163861694 ], [ 57.777938502280463, -20.32593865844693 ], [ 57.778028333808876, -20.32593865844693 ], [ 57.778028333808876, -20.326208153032166 ], [ 57.77811816533729, -20.326208153032166 ], [ 57.77811816533729, -20.326477647617402 ], [ 57.778207996865703, -20.326477647617402 ], [ 57.778207996865703, -20.326657310674225 ], [ 57.778297828394116, -20.326657310674225 ], [ 57.778297828394116, -20.326926805259461 ], [ 57.778387659922522, -20.326926805259461 ], [ 57.778387659922522, -20.327196299844697 ], [ 57.778477491450936, -20.327196299844697 ], [ 57.778477491450936, -20.327286131373111 ], [ 57.778567322979349, -20.327286131373111 ], [ 57.778567322979349, -20.326657310674225 ], [ 57.778477491450936, -20.326657310674225 ], [ 57.778477491450936, -20.326297984560579 ], [ 57.778387659922522, -20.326297984560579 ], [ 57.778387659922522, -20.326028489975343 ], [ 57.778297828394116, -20.326028489975343 ], [ 57.778297828394116, -20.325399669276457 ], [ 57.778207996865703, -20.325399669276457 ], [ 57.778207996865703, -20.324770848577575 ], [ 57.77811816533729, -20.324770848577575 ], [ 57.77811816533729, -20.324501353992339 ], [ 57.778028333808876, -20.324501353992339 ], [ 57.778028333808876, -20.324231859407103 ], [ 57.777938502280463, -20.324231859407103 ], [ 57.777938502280463, -20.32405219635028 ], [ 57.77784867075205, -20.32405219635028 ], [ 57.77784867075205, -20.323692870236631 ], [ 57.777758839223644, -20.323692870236631 ], [ 57.777758839223644, -20.323603038708217 ], [ 57.777669007695231, -20.323603038708217 ], [ 57.777669007695231, -20.323513207179808 ], [ 57.777579176166817, -20.323513207179808 ], [ 57.777579176166817, -20.323333544122985 ], [ 57.777489344638404, -20.323333544122985 ], [ 57.777489344638404, -20.323153881066158 ], [ 57.777399513109991, -20.323153881066158 ], [ 57.777399513109991, -20.322974218009335 ], [ 57.777219850053172, -20.322974218009335 ], [ 57.777219850053172, -20.322704723424099 ], [ 57.777130018524758, -20.322704723424099 ], [ 57.777130018524758, -20.322435228838863 ], [ 57.777040186996345, -20.322435228838863 ], [ 57.777040186996345, -20.32225556578204 ], [ 57.776950355467932, -20.32225556578204 ], [ 57.776950355467932, -20.322165734253627 ], [ 57.776860523939519, -20.322165734253627 ], [ 57.776860523939519, -20.321896239668391 ], [ 57.776770692411112, -20.321896239668391 ], [ 57.776770692411112, -20.321626745083154 ], [ 57.776860523939519, -20.321626745083154 ], [ 57.776860523939519, -20.321536913554745 ], [ 57.776770692411112, -20.321536913554745 ], [ 57.776770692411112, -20.321267418969509 ], [ 57.776501197825873, -20.321267418969509 ], [ 57.776501197825873, -20.321177587441095 ], [ 57.776411366297459, -20.321177587441095 ], [ 57.776411366297459, -20.320728429799036 ], [ 57.776501197825873, -20.320728429799036 ], [ 57.776501197825873, -20.320638598270623 ], [ 57.776411366297459, -20.320638598270623 ], [ 57.776411366297459, -20.32036910368539 ], [ 57.776770692411112, -20.32036910368539 ], [ 57.776770692411112, -20.320279272156977 ], [ 57.776860523939519, -20.320279272156977 ], [ 57.776860523939519, -20.320189440628564 ], [ 57.776950355467932, -20.320189440628564 ], [ 57.776950355467932, -20.320099609100154 ], [ 57.777040186996345, -20.320099609100154 ], [ 57.777040186996345, -20.320009777571741 ], [ 57.777130018524758, -20.320009777571741 ], [ 57.777130018524758, -20.319919946043328 ], [ 57.777219850053172, -20.319919946043328 ], [ 57.777219850053172, -20.319830114514918 ], [ 57.777309681581585, -20.319830114514918 ], [ 57.777309681581585, -20.319740282986505 ], [ 57.777489344638404, -20.319740282986505 ], [ 57.777489344638404, -20.319650451458092 ], [ 57.778657154507762, -20.319650451458092 ], [ 57.778657154507762, -20.319560619929682 ], [ 57.778746986036175, -20.319560619929682 ], [ 57.778746986036175, -20.319470788401269 ], [ 57.779016480621408, -20.319470788401269 ], [ 57.779016480621408, -20.319650451458092 ], [ 57.779106312149821, -20.319650451458092 ], [ 57.779106312149821, -20.319470788401269 ], [ 57.779196143678234, -20.319470788401269 ], [ 57.779196143678234, -20.319380956872859 ], [ 57.779285975206648, -20.319380956872859 ], [ 57.779285975206648, -20.319291125344446 ], [ 57.779375806735054, -20.319291125344446 ], [ 57.779375806735054, -20.319201293816032 ], [ 57.779465638263467, -20.319201293816032 ], [ 57.779465638263467, -20.319291125344446 ], [ 57.77955546979188, -20.319291125344446 ], [ 57.77955546979188, -20.319201293816032 ], [ 57.779735132848707, -20.319201293816032 ], [ 57.779735132848707, -20.319111462287623 ], [ 57.780094458962353, -20.319111462287623 ], [ 57.780094458962353, -20.31902163075921 ], [ 57.780274122019179, -20.31902163075921 ], [ 57.780274122019179, -20.318931799230796 ], [ 57.780453785075998, -20.318931799230796 ], [ 57.780453785075998, -20.318841967702387 ], [ 57.780902942718058, -20.318841967702387 ], [ 57.780902942718058, -20.318752136173973 ], [ 57.781082605774884, -20.318752136173973 ], [ 57.781082605774884, -20.31857247311715 ], [ 57.780992774246471, -20.31857247311715 ], [ 57.780992774246471, -20.318482641588737 ], [ 57.781082605774884, -20.318482641588737 ], [ 57.781082605774884, -20.318392810060327 ], [ 57.781531763416943, -20.318392810060327 ], [ 57.781531763416943, -20.318302978531914 ], [ 57.781891089530589, -20.318302978531914 ], [ 57.781891089530589, -20.318392810060327 ], [ 57.782609741757888, -20.318392810060327 ], [ 57.782609741757888, -20.318482641588737 ], [ 57.78332839398518, -20.318482641588737 ], [ 57.78332839398518, -20.31857247311715 ], [ 57.783508057042006, -20.31857247311715 ], [ 57.783508057042006, -20.31866230464556 ], [ 57.783867383155652, -20.31866230464556 ], [ 57.783867383155652, -20.31857247311715 ], [ 57.783957214684065, -20.31857247311715 ], [ 57.783957214684065, -20.318482641588737 ], [ 57.784136877740892, -20.318482641588737 ], [ 57.784136877740892, -20.318302978531914 ], [ 57.784316540797711, -20.318302978531914 ], [ 57.784316540797711, -20.318213147003501 ], [ 57.784496203854538, -20.318213147003501 ], [ 57.784496203854538, -20.318123315475091 ], [ 57.784675866911364, -20.318123315475091 ], [ 57.784675866911364, -20.318033483946678 ], [ 57.784855529968183, -20.318033483946678 ], [ 57.784855529968183, -20.317943652418265 ], [ 57.78503519302501, -20.317943652418265 ], [ 57.78503519302501, -20.317853820889855 ], [ 57.785125024553423, -20.317853820889855 ], [ 57.785125024553423, -20.317763989361442 ], [ 57.785214856081836, -20.317763989361442 ], [ 57.785214856081836, -20.317674157833029 ], [ 57.785304687610243, -20.317674157833029 ], [ 57.785304687610243, -20.31722500019097 ], [ 57.785574182195482, -20.31722500019097 ], [ 57.785574182195482, -20.316955505605733 ], [ 57.785484350667069, -20.316955505605733 ], [ 57.785484350667069, -20.316865674077324 ], [ 57.785574182195482, -20.316865674077324 ], [ 57.785574182195482, -20.316596179492088 ], [ 57.785664013723895, -20.316596179492088 ], [ 57.785664013723895, -20.316416516435265 ], [ 57.785753845252302, -20.316416516435265 ], [ 57.785753845252302, -20.316236853378438 ], [ 57.785664013723895, -20.316236853378438 ], [ 57.785664013723895, -20.316326684906851 ], [ 57.785574182195482, -20.316326684906851 ], [ 57.785574182195482, -20.316506347963674 ], [ 57.785394519138656, -20.316506347963674 ], [ 57.785394519138656, -20.316416516435265 ], [ 57.785304687610243, -20.316416516435265 ], [ 57.785304687610243, -20.316326684906851 ], [ 57.785125024553423, -20.316326684906851 ], [ 57.785125024553423, -20.316416516435265 ], [ 57.784945361496597, -20.316416516435265 ], [ 57.784945361496597, -20.316506347963674 ], [ 57.784675866911364, -20.316506347963674 ], [ 57.784675866911364, -20.316596179492088 ], [ 57.784496203854538, -20.316596179492088 ], [ 57.784496203854538, -20.316506347963674 ], [ 57.784316540797711, -20.316506347963674 ], [ 57.784316540797711, -20.316416516435265 ], [ 57.784136877740892, -20.316416516435265 ], [ 57.784136877740892, -20.316326684906851 ], [ 57.783597888570419, -20.316326684906851 ], [ 57.783597888570419, -20.316236853378438 ], [ 57.783508057042006, -20.316236853378438 ], [ 57.783508057042006, -20.316147021850028 ], [ 57.783418225513593, -20.316147021850028 ], [ 57.783418225513593, -20.316057190321615 ], [ 57.78314873092836, -20.316057190321615 ], [ 57.78314873092836, -20.315787695736379 ], [ 57.783058899399947, -20.315787695736379 ], [ 57.783058899399947, -20.315248706565907 ], [ 57.782969067871534, -20.315248706565907 ], [ 57.782969067871534, -20.315069043509084 ], [ 57.783058899399947, -20.315069043509084 ], [ 57.783058899399947, -20.314889380452261 ], [ 57.78314873092836, -20.314889380452261 ], [ 57.78314873092836, -20.314799548923848 ], [ 57.783238562456773, -20.314799548923848 ], [ 57.783238562456773, -20.314709717395434 ], [ 57.78332839398518, -20.314709717395434 ], [ 57.78332839398518, -20.314619885867025 ], [ 57.783418225513593, -20.314619885867025 ], [ 57.783418225513593, -20.314530054338611 ], [ 57.783597888570419, -20.314530054338611 ], [ 57.783597888570419, -20.314619885867025 ], [ 57.783687720098833, -20.314619885867025 ], [ 57.783687720098833, -20.314350391281788 ], [ 57.783777551627239, -20.314350391281788 ], [ 57.783777551627239, -20.314080896696552 ], [ 57.783687720098833, -20.314080896696552 ], [ 57.783687720098833, -20.313991065168139 ], [ 57.783597888570419, -20.313991065168139 ], [ 57.783597888570419, -20.313811402111316 ], [ 57.783687720098833, -20.313811402111316 ], [ 57.783687720098833, -20.313721570582903 ], [ 57.783777551627239, -20.313721570582903 ], [ 57.783777551627239, -20.313631739054493 ], [ 57.784047046212478, -20.313631739054493 ], [ 57.784047046212478, -20.31354190752608 ], [ 57.784136877740892, -20.31354190752608 ], [ 57.784136877740892, -20.31345207599767 ], [ 57.784226709269305, -20.31345207599767 ], [ 57.784226709269305, -20.313362244469257 ], [ 57.784136877740892, -20.313362244469257 ], [ 57.784136877740892, -20.313182581412434 ], [ 57.784047046212478, -20.313182581412434 ], [ 57.784047046212478, -20.313002918355608 ], [ 57.783957214684065, -20.313002918355608 ], [ 57.783957214684065, -20.312823255298785 ], [ 57.783867383155652, -20.312823255298785 ], [ 57.783867383155652, -20.312733423770371 ], [ 57.783957214684065, -20.312733423770371 ], [ 57.783957214684065, -20.312463929185139 ], [ 57.784047046212478, -20.312463929185139 ], [ 57.784047046212478, -20.312374097656726 ], [ 57.784136877740892, -20.312374097656726 ], [ 57.784136877740892, -20.312194434599903 ], [ 57.784226709269305, -20.312194434599903 ], [ 57.784226709269305, -20.311924940014666 ], [ 57.784316540797711, -20.311924940014666 ], [ 57.784316540797711, -20.31165544542943 ], [ 57.784226709269305, -20.31165544542943 ], [ 57.784226709269305, -20.311385950844194 ], [ 57.784136877740892, -20.311385950844194 ], [ 57.784136877740892, -20.311206287787371 ], [ 57.784226709269305, -20.311206287787371 ], [ 57.784226709269305, -20.311026624730545 ], [ 57.784136877740892, -20.311026624730545 ], [ 57.784136877740892, -20.310846961673722 ], [ 57.784226709269305, -20.310846961673722 ], [ 57.784226709269305, -20.310397804031663 ], [ 57.784136877740892, -20.310397804031663 ], [ 57.784136877740892, -20.310128309446426 ], [ 57.784047046212478, -20.310128309446426 ], [ 57.784047046212478, -20.309948646389604 ], [ 57.783957214684065, -20.309948646389604 ], [ 57.783957214684065, -20.30985881486119 ], [ 57.783867383155652, -20.30985881486119 ], [ 57.783867383155652, -20.309768983332777 ], [ 57.783777551627239, -20.309768983332777 ], [ 57.783777551627239, -20.309679151804367 ], [ 57.783687720098833, -20.309679151804367 ], [ 57.783687720098833, -20.309589320275954 ], [ 57.783508057042006, -20.309589320275954 ], [ 57.783508057042006, -20.309499488747544 ], [ 57.783238562456773, -20.309499488747544 ], [ 57.783238562456773, -20.309589320275954 ], [ 57.783058899399947, -20.309589320275954 ], [ 57.783058899399947, -20.309499488747544 ], [ 57.782969067871534, -20.309499488747544 ], [ 57.782969067871534, -20.309409657219131 ], [ 57.782879236343121, -20.309409657219131 ], [ 57.782879236343121, -20.309319825690718 ], [ 57.782789404814707, -20.309319825690718 ], [ 57.782789404814707, -20.309229994162308 ], [ 57.782609741757888, -20.309229994162308 ], [ 57.782609741757888, -20.309140162633895 ], [ 57.782519910229475, -20.309140162633895 ], [ 57.782519910229475, -20.308870668048659 ], [ 57.782430078701061, -20.308870668048659 ], [ 57.782430078701061, -20.308780836520246 ], [ 57.782340247172648, -20.308780836520246 ], [ 57.782340247172648, -20.308691004991836 ], [ 57.782250415644242, -20.308691004991836 ], [ 57.782250415644242, -20.308511341935013 ], [ 57.782340247172648, -20.308511341935013 ], [ 57.782340247172648, -20.3084215104066 ], [ 57.782430078701061, -20.3084215104066 ], [ 57.782430078701061, -20.308331678878186 ], [ 57.782609741757888, -20.308331678878186 ], [ 57.782609741757888, -20.308241847349777 ], [ 57.782879236343121, -20.308241847349777 ], [ 57.782879236343121, -20.308152015821364 ], [ 57.782969067871534, -20.308152015821364 ], [ 57.782969067871534, -20.307972352764541 ], [ 57.783058899399947, -20.307972352764541 ], [ 57.783058899399947, -20.307792689707714 ], [ 57.782969067871534, -20.307792689707714 ], [ 57.782969067871534, -20.307613026650891 ], [ 57.783058899399947, -20.307613026650891 ], [ 57.783058899399947, -20.307523195122478 ], [ 57.782969067871534, -20.307523195122478 ], [ 57.782969067871534, -20.307253700537245 ], [ 57.782879236343121, -20.307253700537245 ], [ 57.782879236343121, -20.306984205952009 ], [ 57.782789404814707, -20.306984205952009 ], [ 57.782789404814707, -20.306894374423596 ], [ 57.782699573286301, -20.306894374423596 ], [ 57.782699573286301, -20.306804542895183 ], [ 57.782519910229475, -20.306804542895183 ], [ 57.782519910229475, -20.306894374423596 ], [ 57.782070752587416, -20.306894374423596 ], [ 57.782070752587416, -20.306535048309946 ], [ 57.782160584115829, -20.306535048309946 ], [ 57.782160584115829, -20.306445216781537 ], [ 57.782340247172648, -20.306445216781537 ], [ 57.782340247172648, -20.306355385253124 ], [ 57.782430078701061, -20.306355385253124 ], [ 57.782430078701061, -20.306445216781537 ], [ 57.782609741757888, -20.306445216781537 ], [ 57.782609741757888, -20.306535048309946 ], [ 57.782699573286301, -20.306535048309946 ], [ 57.782699573286301, -20.306445216781537 ], [ 57.782789404814707, -20.306445216781537 ], [ 57.782789404814707, -20.306355385253124 ], [ 57.782879236343121, -20.306355385253124 ], [ 57.782879236343121, -20.306085890667887 ], [ 57.782969067871534, -20.306085890667887 ], [ 57.782969067871534, -20.306175722196301 ], [ 57.783058899399947, -20.306175722196301 ], [ 57.783058899399947, -20.306355385253124 ], [ 57.78314873092836, -20.306355385253124 ], [ 57.78314873092836, -20.306445216781537 ], [ 57.78332839398518, -20.306445216781537 ], [ 57.78332839398518, -20.306535048309946 ], [ 57.783597888570419, -20.306535048309946 ], [ 57.783597888570419, -20.306445216781537 ], [ 57.783867383155652, -20.306445216781537 ], [ 57.783867383155652, -20.306535048309946 ], [ 57.783957214684065, -20.306535048309946 ], [ 57.783957214684065, -20.306445216781537 ], [ 57.784496203854538, -20.306445216781537 ], [ 57.784496203854538, -20.306355385253124 ], [ 57.784586035382951, -20.306355385253124 ], [ 57.784586035382951, -20.306265553724714 ], [ 57.78476569843977, -20.306265553724714 ], [ 57.78476569843977, -20.306175722196301 ], [ 57.784855529968183, -20.306175722196301 ], [ 57.784855529968183, -20.306085890667887 ], [ 57.78476569843977, -20.306085890667887 ], [ 57.78476569843977, -20.305816396082651 ], [ 57.784945361496597, -20.305816396082651 ], [ 57.784945361496597, -20.305906227611064 ], [ 57.78503519302501, -20.305906227611064 ], [ 57.78503519302501, -20.305816396082651 ], [ 57.785125024553423, -20.305816396082651 ], [ 57.785125024553423, -20.305726564554242 ], [ 57.785933508309128, -20.305726564554242 ], [ 57.785933508309128, -20.305816396082651 ], [ 57.786113171365955, -20.305816396082651 ], [ 57.786113171365955, -20.305906227611064 ], [ 57.786382665951187, -20.305906227611064 ], [ 57.786382665951187, -20.305996059139478 ], [ 57.7864724974796, -20.305996059139478 ], [ 57.7864724974796, -20.306085890667887 ], [ 57.786652160536427, -20.306085890667887 ], [ 57.786652160536427, -20.305996059139478 ], [ 57.78692165512166, -20.305996059139478 ], [ 57.78692165512166, -20.305906227611064 ], [ 57.787011486650073, -20.305906227611064 ], [ 57.787011486650073, -20.305816396082651 ], [ 57.787191149706899, -20.305816396082651 ], [ 57.787191149706899, -20.305906227611064 ], [ 57.787280981235305, -20.305906227611064 ], [ 57.787280981235305, -20.305996059139478 ], [ 57.787819970405778, -20.305996059139478 ], [ 57.787819970405778, -20.306085890667887 ], [ 57.787909801934191, -20.306085890667887 ], [ 57.787909801934191, -20.305726564554242 ], [ 57.788089464991018, -20.305726564554242 ], [ 57.788089464991018, -20.305816396082651 ], [ 57.78862845416149, -20.305816396082651 ], [ 57.78862845416149, -20.305906227611064 ], [ 57.789077611803549, -20.305906227611064 ], [ 57.789077611803549, -20.305996059139478 ], [ 57.789257274860368, -20.305996059139478 ], [ 57.789257274860368, -20.306085890667887 ], [ 57.789526769445608, -20.306085890667887 ], [ 57.789526769445608, -20.306175722196301 ], [ 57.789886095559254, -20.306175722196301 ], [ 57.789886095559254, -20.306265553724714 ], [ 57.79006575861608, -20.306265553724714 ], [ 57.79006575861608, -20.306355385253124 ], [ 57.7902454216729, -20.306355385253124 ], [ 57.7902454216729, -20.306445216781537 ], [ 57.790335253201313, -20.306445216781537 ], [ 57.790335253201313, -20.306535048309946 ], [ 57.79051491625814, -20.306535048309946 ], [ 57.79051491625814, -20.30662487983836 ], [ 57.790694579314959, -20.30662487983836 ], [ 57.790694579314959, -20.306714711366773 ], [ 57.791143736957025, -20.306714711366773 ], [ 57.791143736957025, -20.306804542895183 ], [ 57.791413231542258, -20.306804542895183 ], [ 57.791413231542258, -20.306894374423596 ], [ 57.792221715297963, -20.306894374423596 ], [ 57.792221715297963, -20.306804542895183 ], [ 57.792401378354789, -20.306804542895183 ], [ 57.792401378354789, -20.306894374423596 ], [ 57.792581041411616, -20.306894374423596 ], [ 57.792581041411616, -20.306984205952009 ], [ 57.793030199053675, -20.306984205952009 ], [ 57.793030199053675, -20.307074037480419 ], [ 57.793209862110494, -20.307074037480419 ], [ 57.793209862110494, -20.306984205952009 ], [ 57.793659019752553, -20.306984205952009 ], [ 57.793659019752553, -20.307074037480419 ], [ 57.794198008923026, -20.307074037480419 ], [ 57.794198008923026, -20.307163869008832 ], [ 57.794467503508265, -20.307163869008832 ], [ 57.794467503508265, -20.307253700537245 ], [ 57.794826829621911, -20.307253700537245 ], [ 57.794826829621911, -20.307343532065655 ], [ 57.795096324207151, -20.307343532065655 ], [ 57.795096324207151, -20.307433363594068 ], [ 57.79527598726397, -20.307433363594068 ], [ 57.79527598726397, -20.307523195122478 ], [ 57.795455650320797, -20.307523195122478 ], [ 57.795455650320797, -20.307613026650891 ], [ 57.795635313377616, -20.307613026650891 ], [ 57.795635313377616, -20.307702858179304 ], [ 57.795904807962856, -20.307702858179304 ], [ 57.795904807962856, -20.307792689707714 ], [ 57.796084471019682, -20.307792689707714 ], [ 57.796084471019682, -20.307882521236127 ], [ 57.796264134076502, -20.307882521236127 ], [ 57.796264134076502, -20.307972352764541 ], [ 57.796443797133328, -20.307972352764541 ], [ 57.796443797133328, -20.30806218429295 ], [ 57.796533628661741, -20.30806218429295 ], [ 57.796533628661741, -20.308152015821364 ], [ 57.796713291718561, -20.308152015821364 ], [ 57.796713291718561, -20.308241847349777 ], [ 57.797072617832214, -20.308241847349777 ], [ 57.797072617832214, -20.308331678878186 ], [ 57.797521775474273, -20.308331678878186 ], [ 57.797521775474273, -20.3084215104066 ], [ 57.798060764644745, -20.3084215104066 ], [ 57.798060764644745, -20.308331678878186 ], [ 57.798420090758391, -20.308331678878186 ], [ 57.798420090758391, -20.308241847349777 ], [ 57.798689585343624, -20.308241847349777 ], [ 57.798689585343624, -20.308152015821364 ], [ 57.799048911457277, -20.308152015821364 ], [ 57.799048911457277, -20.30806218429295 ], [ 57.800306552855041, -20.30806218429295 ], [ 57.800306552855041, -20.308152015821364 ], [ 57.800935373553926, -20.308152015821364 ], [ 57.800935373553926, -20.308241847349777 ], [ 57.801833688838045, -20.308241847349777 ], [ 57.801833688838045, -20.308331678878186 ], [ 57.802013351894871, -20.308331678878186 ], [ 57.802013351894871, -20.3084215104066 ], [ 57.802282846480104, -20.3084215104066 ], [ 57.802282846480104, -20.308511341935013 ], [ 57.80246250953693, -20.308511341935013 ], [ 57.80246250953693, -20.308601173463423 ], [ 57.802552341065343, -20.308601173463423 ], [ 57.802552341065343, -20.308691004991836 ], [ 57.80264217259375, -20.308691004991836 ], [ 57.80264217259375, -20.308780836520246 ], [ 57.802732004122163, -20.308780836520246 ], [ 57.802732004122163, -20.308870668048659 ], [ 57.802911667178989, -20.308870668048659 ], [ 57.802911667178989, -20.308960499577072 ], [ 57.803091330235809, -20.308960499577072 ], [ 57.803091330235809, -20.309050331105482 ], [ 57.803181161764222, -20.309050331105482 ], [ 57.803181161764222, -20.309140162633895 ], [ 57.803360824821048, -20.309140162633895 ], [ 57.803360824821048, -20.309229994162308 ], [ 57.803720150934694, -20.309229994162308 ], [ 57.803720150934694, -20.309319825690718 ], [ 57.804259140105167, -20.309319825690718 ], [ 57.804259140105167, -20.309409657219131 ], [ 57.804618466218813, -20.309409657219131 ], [ 57.804618466218813, -20.309499488747544 ], [ 57.805965939144997, -20.309499488747544 ], [ 57.805965939144997, -20.309409657219131 ], [ 57.806325265258643, -20.309409657219131 ], [ 57.806325265258643, -20.309319825690718 ], [ 57.806594759843875, -20.309319825690718 ], [ 57.806594759843875, -20.309229994162308 ], [ 57.806774422900702, -20.309229994162308 ], [ 57.806774422900702, -20.309140162633895 ], [ 57.806954085957528, -20.309140162633895 ], [ 57.806954085957528, -20.309050331105482 ], [ 57.807043917485935, -20.309050331105482 ], [ 57.807043917485935, -20.308870668048659 ], [ 57.807133749014348, -20.308870668048659 ], [ 57.807133749014348, -20.308780836520246 ], [ 57.807223580542761, -20.308780836520246 ], [ 57.807223580542761, -20.308691004991836 ], [ 57.807313412071174, -20.308691004991836 ], [ 57.807313412071174, -20.308601173463423 ], [ 57.807403243599587, -20.308601173463423 ], [ 57.807403243599587, -20.3084215104066 ], [ 57.807493075128001, -20.3084215104066 ], [ 57.807493075128001, -20.308331678878186 ], [ 57.807582906656407, -20.308331678878186 ], [ 57.807582906656407, -20.308152015821364 ], [ 57.80767273818482, -20.308152015821364 ], [ 57.80767273818482, -20.30806218429295 ], [ 57.807762569713233, -20.30806218429295 ], [ 57.807762569713233, -20.307972352764541 ], [ 57.807852401241647, -20.307972352764541 ], [ 57.807852401241647, -20.307882521236127 ], [ 57.80794223277006, -20.307882521236127 ], [ 57.80794223277006, -20.307792689707714 ], [ 57.808032064298466, -20.307792689707714 ], [ 57.808032064298466, -20.307702858179304 ], [ 57.808121895826879, -20.307702858179304 ], [ 57.808121895826879, -20.307613026650891 ], [ 57.808211727355292, -20.307613026650891 ], [ 57.808211727355292, -20.307523195122478 ], [ 57.808301558883706, -20.307523195122478 ], [ 57.808301558883706, -20.307433363594068 ], [ 57.808391390412119, -20.307433363594068 ], [ 57.808391390412119, -20.307343532065655 ], [ 57.808481221940532, -20.307343532065655 ], [ 57.808481221940532, -20.307253700537245 ], [ 57.808571053468938, -20.307253700537245 ], [ 57.808571053468938, -20.307163869008832 ], [ 57.808660884997352, -20.307163869008832 ], [ 57.808660884997352, -20.306984205952009 ], [ 57.808750716525765, -20.306984205952009 ], [ 57.808750716525765, -20.306714711366773 ], [ 57.808840548054178, -20.306714711366773 ], [ 57.808840548054178, -20.306355385253124 ], [ 57.808930379582591, -20.306355385253124 ], [ 57.808930379582591, -20.306175722196301 ], [ 57.809020211110997, -20.306175722196301 ], [ 57.809020211110997, -20.305906227611064 ], [ 57.809110042639411, -20.305906227611064 ], [ 57.809110042639411, -20.305726564554242 ], [ 57.809199874167824, -20.305726564554242 ], [ 57.809199874167824, -20.305457069969005 ], [ 57.809289705696237, -20.305457069969005 ], [ 57.809289705696237, -20.305187575383769 ], [ 57.80937953722465, -20.305187575383769 ], [ 57.80937953722465, -20.304918080798533 ], [ 57.809469368753064, -20.304918080798533 ], [ 57.809469368753064, -20.30473841774171 ], [ 57.80955920028147, -20.30473841774171 ], [ 57.80955920028147, -20.304558754684884 ], [ 57.809649031809883, -20.304558754684884 ], [ 57.809649031809883, -20.304379091628061 ], [ 57.809738863338296, -20.304379091628061 ], [ 57.809738863338296, -20.304289260099651 ], [ 57.809828694866709, -20.304289260099651 ], [ 57.809828694866709, -20.304109597042824 ], [ 57.809918526395123, -20.304109597042824 ], [ 57.809918526395123, -20.303929933986002 ], [ 57.810008357923529, -20.303929933986002 ], [ 57.810008357923529, -20.303750270929179 ], [ 57.810098189451942, -20.303750270929179 ], [ 57.810098189451942, -20.303570607872352 ], [ 57.810188020980355, -20.303570607872352 ], [ 57.810188020980355, -20.303390944815529 ], [ 57.810277852508769, -20.303390944815529 ], [ 57.810277852508769, -20.303211281758706 ], [ 57.810367684037182, -20.303211281758706 ], [ 57.810367684037182, -20.303031618701883 ], [ 57.810457515565595, -20.303031618701883 ], [ 57.810457515565595, -20.302762124116647 ], [ 57.810547347094001, -20.302762124116647 ], [ 57.810547347094001, -20.302582461059821 ], [ 57.810637178622414, -20.302582461059821 ], [ 57.810637178622414, -20.302402798002998 ], [ 57.810727010150828, -20.302402798002998 ], [ 57.810727010150828, -20.302223134946175 ], [ 57.810816841679241, -20.302223134946175 ], [ 57.810816841679241, -20.302133303417762 ], [ 57.810906673207654, -20.302133303417762 ], [ 57.810906673207654, -20.300516335906348 ], [ 57.810457515565595, -20.300516335906348 ], [ 57.810457515565595, -20.300426504377935 ], [ 57.810098189451942, -20.300426504377935 ], [ 57.810098189451942, -20.300336672849525 ], [ 57.809918526395123, -20.300336672849525 ], [ 57.809918526395123, -20.300246841321112 ], [ 57.809738863338296, -20.300246841321112 ], [ 57.809738863338296, -20.300157009792699 ], [ 57.809918526395123, -20.300157009792699 ], [ 57.809918526395123, -20.300067178264289 ], [ 57.810008357923529, -20.300067178264289 ], [ 57.810008357923529, -20.299977346735876 ], [ 57.809289705696237, -20.299977346735876 ], [ 57.809289705696237, -20.300067178264289 ], [ 57.809469368753064, -20.300067178264289 ], [ 57.809469368753064, -20.300157009792699 ], [ 57.80955920028147, -20.300157009792699 ], [ 57.80955920028147, -20.300246841321112 ], [ 57.80937953722465, -20.300246841321112 ], [ 57.80937953722465, -20.300336672849525 ], [ 57.809110042639411, -20.300336672849525 ], [ 57.809110042639411, -20.300426504377935 ], [ 57.808840548054178, -20.300426504377935 ], [ 57.808840548054178, -20.300516335906348 ], [ 57.808660884997352, -20.300516335906348 ], [ 57.808660884997352, -20.300606167434758 ], [ 57.808481221940532, -20.300606167434758 ], [ 57.808481221940532, -20.300695998963171 ], [ 57.808211727355292, -20.300695998963171 ], [ 57.808211727355292, -20.300785830491584 ], [ 57.808032064298466, -20.300785830491584 ], [ 57.808032064298466, -20.300875662019994 ], [ 57.807762569713233, -20.300875662019994 ], [ 57.807762569713233, -20.300965493548407 ], [ 57.807493075128001, -20.300965493548407 ], [ 57.807493075128001, -20.30105532507682 ], [ 57.807133749014348, -20.30105532507682 ], [ 57.807133749014348, -20.30114515660523 ], [ 57.806864254429115, -20.30114515660523 ], [ 57.806864254429115, -20.301234988133643 ], [ 57.806504928315469, -20.301234988133643 ], [ 57.806504928315469, -20.301324819662057 ], [ 57.80623543373023, -20.301324819662057 ], [ 57.80623543373023, -20.301414651190466 ], [ 57.805696444559757, -20.301414651190466 ], [ 57.805696444559757, -20.30150448271888 ], [ 57.805157455389285, -20.30150448271888 ], [ 57.805157455389285, -20.301594314247289 ], [ 57.804798129275639, -20.301594314247289 ], [ 57.804798129275639, -20.301684145775702 ], [ 57.804438803161993, -20.301684145775702 ], [ 57.804438803161993, -20.301773977304116 ], [ 57.803989645519934, -20.301773977304116 ], [ 57.803989645519934, -20.301863808832525 ], [ 57.803181161764222, -20.301863808832525 ], [ 57.803181161764222, -20.301953640360939 ], [ 57.801923520366458, -20.301953640360939 ], [ 57.801923520366458, -20.302043471889352 ], [ 57.801833688838045, -20.302043471889352 ], [ 57.801833688838045, -20.301953640360939 ], [ 57.801474362724399, -20.301953640360939 ], [ 57.801474362724399, -20.302043471889352 ], [ 57.800486215911867, -20.302043471889352 ], [ 57.800486215911867, -20.302133303417762 ], [ 57.798599753815218, -20.302133303417762 ], [ 57.798599753815218, -20.302043471889352 ], [ 57.797881101587919, -20.302043471889352 ], [ 57.797881101587919, -20.301953640360939 ], [ 57.797521775474273, -20.301953640360939 ], [ 57.797521775474273, -20.301863808832525 ], [ 57.797342112417446, -20.301863808832525 ], [ 57.797342112417446, -20.301773977304116 ], [ 57.79716244936062, -20.301773977304116 ], [ 57.79716244936062, -20.301684145775702 ], [ 57.796982786303801, -20.301684145775702 ], [ 57.796982786303801, -20.301594314247289 ], [ 57.796713291718561, -20.301594314247289 ], [ 57.796713291718561, -20.30150448271888 ], [ 57.796533628661741, -20.30150448271888 ], [ 57.796533628661741, -20.301414651190466 ], [ 57.796353965604915, -20.301414651190466 ], [ 57.796353965604915, -20.301324819662057 ], [ 57.795994639491269, -20.301324819662057 ], [ 57.795994639491269, -20.301234988133643 ], [ 57.79527598726397, -20.301234988133643 ], [ 57.79527598726397, -20.30114515660523 ], [ 57.794736998093498, -20.30114515660523 ], [ 57.794736998093498, -20.30105532507682 ], [ 57.792131883769557, -20.30105532507682 ], [ 57.792131883769557, -20.300965493548407 ], [ 57.789526769445608, -20.300965493548407 ], [ 57.789526769445608, -20.300875662019994 ], [ 57.788718285689896, -20.300875662019994 ], [ 57.788718285689896, -20.300785830491584 ], [ 57.787909801934191, -20.300785830491584 ], [ 57.787909801934191, -20.300695998963171 ], [ 57.787819970405778, -20.300695998963171 ], [ 57.787819970405778, -20.300606167434758 ], [ 57.787370812763719, -20.300606167434758 ], [ 57.787370812763719, -20.300516335906348 ], [ 57.786382665951187, -20.300516335906348 ], [ 57.786382665951187, -20.300426504377935 ], [ 57.785664013723895, -20.300426504377935 ], [ 57.785664013723895, -20.300336672849525 ], [ 57.784406372326124, -20.300336672849525 ], [ 57.784406372326124, -20.300246841321112 ], [ 57.784226709269305, -20.300246841321112 ], [ 57.784226709269305, -20.300157009792699 ], [ 57.784316540797711, -20.300157009792699 ], [ 57.784316540797711, -20.300067178264289 ], [ 57.784406372326124, -20.300067178264289 ], [ 57.784406372326124, -20.299977346735876 ], [ 57.779914795905526, -20.299977346735876 ] ], [ [ 57.790694579314959, -20.304019765514415 ], [ 57.791233568485431, -20.304019765514415 ], [ 57.791233568485431, -20.304109597042824 ], [ 57.791413231542258, -20.304109597042824 ], [ 57.791413231542258, -20.304199428571238 ], [ 57.791592894599084, -20.304199428571238 ], [ 57.791592894599084, -20.304289260099651 ], [ 57.79168272612749, -20.304289260099651 ], [ 57.79168272612749, -20.304648586213297 ], [ 57.791772557655904, -20.304648586213297 ], [ 57.791772557655904, -20.30473841774171 ], [ 57.791862389184317, -20.30473841774171 ], [ 57.791862389184317, -20.304918080798533 ], [ 57.791143736957025, -20.304918080798533 ], [ 57.791143736957025, -20.305007912326946 ], [ 57.790874242371785, -20.305007912326946 ], [ 57.790874242371785, -20.304918080798533 ], [ 57.790604747786553, -20.304918080798533 ], [ 57.790604747786553, -20.30482824927012 ], [ 57.79051491625814, -20.30482824927012 ], [ 57.79051491625814, -20.30473841774171 ], [ 57.790335253201313, -20.30473841774171 ], [ 57.790335253201313, -20.304468923156474 ], [ 57.790425084729726, -20.304468923156474 ], [ 57.790425084729726, -20.304379091628061 ], [ 57.790604747786553, -20.304379091628061 ], [ 57.790604747786553, -20.304289260099651 ], [ 57.790694579314959, -20.304289260099651 ], [ 57.790694579314959, -20.304019765514415 ] ], [ [ 57.792042052241143, -20.30473841774171 ], [ 57.792670872940022, -20.30473841774171 ], [ 57.792670872940022, -20.30482824927012 ], [ 57.792760704468435, -20.30482824927012 ], [ 57.792760704468435, -20.304918080798533 ], [ 57.792850535996848, -20.304918080798533 ], [ 57.792850535996848, -20.305097743855356 ], [ 57.792760704468435, -20.305097743855356 ], [ 57.792760704468435, -20.305187575383769 ], [ 57.792311546826376, -20.305187575383769 ], [ 57.792311546826376, -20.305097743855356 ], [ 57.792131883769557, -20.305097743855356 ], [ 57.792131883769557, -20.305007912326946 ], [ 57.79195222071273, -20.305007912326946 ], [ 57.79195222071273, -20.30482824927012 ], [ 57.792042052241143, -20.30482824927012 ], [ 57.792042052241143, -20.30473841774171 ] ], [ [ 57.783777551627239, -20.305906227611064 ], [ 57.784136877740892, -20.305906227611064 ], [ 57.784136877740892, -20.306085890667887 ], [ 57.783867383155652, -20.306085890667887 ], [ 57.783867383155652, -20.306175722196301 ], [ 57.783597888570419, -20.306175722196301 ], [ 57.783597888570419, -20.305996059139478 ], [ 57.783777551627239, -20.305996059139478 ], [ 57.783777551627239, -20.305906227611064 ] ] ] } },
{ "type": "Feature", "properties": { "component_id": 5, "rank": 7, "pixel_count": 1514, "approx_area_km2": 0.14187075899192272, "mean_probability": 0.69624162335416284, "max_probability": 0.98823529481887817, "centroid_lon": 57.813855508828887, "centroid_lat": -20.313475394221356, "distance_to_wakashio_km": 15.596139636524043, "area_km2": 0.14117359479926783 }, "geometry": { "type": "Polygon", "coordinates": [ [ [ 57.812254146133832, -20.309229994162308 ], [ 57.812254146133832, -20.309319825690718 ], [ 57.812164314605418, -20.309319825690718 ], [ 57.812164314605418, -20.309768983332777 ], [ 57.812074483077005, -20.309768983332777 ], [ 57.812074483077005, -20.309948646389604 ], [ 57.812164314605418, -20.309948646389604 ], [ 57.812164314605418, -20.310487635560076 ], [ 57.812254146133832, -20.310487635560076 ], [ 57.812254146133832, -20.310936793202135 ], [ 57.812343977662245, -20.310936793202135 ], [ 57.812343977662245, -20.311296119315781 ], [ 57.812433809190658, -20.311296119315781 ], [ 57.812433809190658, -20.31174527695784 ], [ 57.812523640719064, -20.31174527695784 ], [ 57.812523640719064, -20.312553760713548 ], [ 57.812613472247477, -20.312553760713548 ], [ 57.812613472247477, -20.313182581412434 ], [ 57.812703303775891, -20.313182581412434 ], [ 57.812703303775891, -20.313811402111316 ], [ 57.812793135304304, -20.313811402111316 ], [ 57.812793135304304, -20.314260559753375 ], [ 57.812882966832717, -20.314260559753375 ], [ 57.812882966832717, -20.314530054338611 ], [ 57.812972798361123, -20.314530054338611 ], [ 57.812972798361123, -20.314799548923848 ], [ 57.813062629889536, -20.314799548923848 ], [ 57.813062629889536, -20.31497921198067 ], [ 57.81315246141795, -20.31497921198067 ], [ 57.81315246141795, -20.315069043509084 ], [ 57.813242292946363, -20.315069043509084 ], [ 57.813242292946363, -20.315248706565907 ], [ 57.813332124474776, -20.315248706565907 ], [ 57.813332124474776, -20.31533853809432 ], [ 57.813421956003189, -20.31533853809432 ], [ 57.813421956003189, -20.315518201151143 ], [ 57.813511787531596, -20.315518201151143 ], [ 57.813511787531596, -20.315608032679556 ], [ 57.813601619060009, -20.315608032679556 ], [ 57.813601619060009, -20.315697864207966 ], [ 57.813691450588422, -20.315697864207966 ], [ 57.813691450588422, -20.315787695736379 ], [ 57.813781282116835, -20.315787695736379 ], [ 57.813781282116835, -20.315877527264792 ], [ 57.813871113645249, -20.315877527264792 ], [ 57.813871113645249, -20.315967358793202 ], [ 57.813960945173655, -20.315967358793202 ], [ 57.813960945173655, -20.316057190321615 ], [ 57.814140608230481, -20.316057190321615 ], [ 57.814140608230481, -20.316147021850028 ], [ 57.814320271287308, -20.316147021850028 ], [ 57.814320271287308, -20.316236853378438 ], [ 57.814499934344127, -20.316236853378438 ], [ 57.814499934344127, -20.316326684906851 ], [ 57.814769428929367, -20.316326684906851 ], [ 57.814769428929367, -20.316416516435265 ], [ 57.815847407270311, -20.316416516435265 ], [ 57.815847407270311, -20.316326684906851 ], [ 57.815937238798718, -20.316326684906851 ], [ 57.815937238798718, -20.316236853378438 ], [ 57.816027070327131, -20.316236853378438 ], [ 57.816027070327131, -20.316147021850028 ], [ 57.816116901855544, -20.316147021850028 ], [ 57.816116901855544, -20.316057190321615 ], [ 57.816206733383957, -20.316057190321615 ], [ 57.816206733383957, -20.315967358793202 ], [ 57.816296564912371, -20.315967358793202 ], [ 57.816296564912371, -20.315697864207966 ], [ 57.816386396440784, -20.315697864207966 ], [ 57.816386396440784, -20.315428369622733 ], [ 57.816296564912371, -20.315428369622733 ], [ 57.816296564912371, -20.315248706565907 ], [ 57.816206733383957, -20.315248706565907 ], [ 57.816206733383957, -20.315158875037497 ], [ 57.816116901855544, -20.315158875037497 ], [ 57.816116901855544, -20.315069043509084 ], [ 57.815937238798718, -20.315069043509084 ], [ 57.815937238798718, -20.31497921198067 ], [ 57.815847407270311, -20.31497921198067 ], [ 57.815847407270311, -20.314889380452261 ], [ 57.815398249628252, -20.314889380452261 ], [ 57.815398249628252, -20.314799548923848 ], [ 57.815218586571426, -20.314799548923848 ], [ 57.815218586571426, -20.314709717395434 ], [ 57.815128755043013, -20.314709717395434 ], [ 57.815128755043013, -20.314619885867025 ], [ 57.815038923514599, -20.314619885867025 ], [ 57.815038923514599, -20.314530054338611 ], [ 57.814949091986186, -20.314530054338611 ], [ 57.814949091986186, -20.314170728224966 ], [ 57.81485926045778, -20.314170728224966 ], [ 57.81485926045778, -20.313901233639729 ], [ 57.814769428929367, -20.313901233639729 ], [ 57.814769428929367, -20.313631739054493 ], [ 57.814679597400954, -20.313631739054493 ], [ 57.814679597400954, -20.31345207599767 ], [ 57.81458976587254, -20.31345207599767 ], [ 57.81458976587254, -20.313272412940844 ], [ 57.814499934344127, -20.313272412940844 ], [ 57.814499934344127, -20.313182581412434 ], [ 57.814410102815721, -20.313182581412434 ], [ 57.814410102815721, -20.313002918355608 ], [ 57.814320271287308, -20.313002918355608 ], [ 57.814320271287308, -20.312823255298785 ], [ 57.814230439758894, -20.312823255298785 ], [ 57.814230439758894, -20.312643592241962 ], [ 57.814140608230481, -20.312643592241962 ], [ 57.814140608230481, -20.312463929185139 ], [ 57.814050776702068, -20.312463929185139 ], [ 57.814050776702068, -20.312284266128312 ], [ 57.813960945173655, -20.312284266128312 ], [ 57.813960945173655, -20.312014771543076 ], [ 57.813871113645249, -20.312014771543076 ], [ 57.813871113645249, -20.311835108486253 ], [ 57.813781282116835, -20.311835108486253 ], [ 57.813781282116835, -20.311475782372607 ], [ 57.813691450588422, -20.311475782372607 ], [ 57.813691450588422, -20.311296119315781 ], [ 57.813601619060009, -20.311296119315781 ], [ 57.813601619060009, -20.310936793202135 ], [ 57.813511787531596, -20.310936793202135 ], [ 57.813511787531596, -20.310757130145308 ], [ 57.813421956003189, -20.310757130145308 ], [ 57.813421956003189, -20.310397804031663 ], [ 57.813332124474776, -20.310397804031663 ], [ 57.813332124474776, -20.310128309446426 ], [ 57.813242292946363, -20.310128309446426 ], [ 57.813242292946363, -20.309948646389604 ], [ 57.81315246141795, -20.309948646389604 ], [ 57.81315246141795, -20.30985881486119 ], [ 57.813062629889536, -20.30985881486119 ], [ 57.813062629889536, -20.309679151804367 ], [ 57.812972798361123, -20.309679151804367 ], [ 57.812972798361123, -20.309589320275954 ], [ 57.812882966832717, -20.309589320275954 ], [ 57.812882966832717, -20.309499488747544 ], [ 57.812793135304304, -20.309499488747544 ], [ 57.812793135304304, -20.309409657219131 ], [ 57.812703303775891, -20.309409657219131 ], [ 57.812703303775891, -20.309319825690718 ], [ 57.812523640719064, -20.309319825690718 ], [ 57.812523640719064, -20.309229994162308 ], [ 57.812254146133832, -20.309229994162308 ] ] ] } },
{ "type": "Feature", "properties": { "component_id": 10, "rank": 11, "pixel_count": 269, "approx_area_km2": 0.025206891789185743, "mean_probability": 0.23510460411527342, "max_probability": 0.27843138575553894, "centroid_lon": 57.785439100956658, "centroid_lat": -20.314734262441302, "distance_to_wakashio_km": 14.340053651377893, "area_km2": 0.025082516492168302 }, "geometry": { "type": "Polygon", "coordinates": [ [ [ 57.785304687610243, -20.313811402111316 ], [ 57.785304687610243, -20.313991065168139 ], [ 57.785214856081836, -20.313991065168139 ], [ 57.785214856081836, -20.314350391281788 ], [ 57.785125024553423, -20.314350391281788 ], [ 57.785125024553423, -20.314440222810202 ], [ 57.784945361496597, -20.314440222810202 ], [ 57.784945361496597, -20.314530054338611 ], [ 57.78476569843977, -20.314530054338611 ], [ 57.78476569843977, -20.314619885867025 ], [ 57.784586035382951, -20.314619885867025 ], [ 57.784586035382951, -20.314530054338611 ], [ 57.784496203854538, -20.314530054338611 ], [ 57.784496203854538, -20.314619885867025 ], [ 57.784406372326124, -20.314619885867025 ], [ 57.784406372326124, -20.314709717395434 ], [ 57.784316540797711, -20.314709717395434 ], [ 57.784316540797711, -20.315158875037497 ], [ 57.784406372326124, -20.315158875037497 ], [ 57.784406372326124, -20.31533853809432 ], [ 57.784496203854538, -20.31533853809432 ], [ 57.784496203854538, -20.315428369622733 ], [ 57.784586035382951, -20.315428369622733 ], [ 57.784586035382951, -20.315518201151143 ], [ 57.78476569843977, -20.315518201151143 ], [ 57.78476569843977, -20.315608032679556 ], [ 57.784945361496597, -20.315608032679556 ], [ 57.784945361496597, -20.315428369622733 ], [ 57.78503519302501, -20.315428369622733 ], [ 57.78503519302501, -20.315248706565907 ], [ 57.785125024553423, -20.315248706565907 ], [ 57.785125024553423, -20.315158875037497 ], [ 57.785214856081836, -20.315158875037497 ], [ 57.785214856081836, -20.315069043509084 ], [ 57.785843676780715, -20.315069043509084 ], [ 57.785843676780715, -20.315158875037497 ], [ 57.786023339837541, -20.315158875037497 ], [ 57.786023339837541, -20.31533853809432 ], [ 57.786113171365955, -20.31533853809432 ], [ 57.786113171365955, -20.315608032679556 ], [ 57.786203002894368, -20.315608032679556 ], [ 57.786203002894368, -20.315428369622733 ], [ 57.786292834422774, -20.315428369622733 ], [ 57.786292834422774, -20.31533853809432 ], [ 57.786382665951187, -20.31533853809432 ], [ 57.786382665951187, -20.315158875037497 ], [ 57.7864724974796, -20.315158875037497 ], [ 57.7864724974796, -20.31497921198067 ], [ 57.786382665951187, -20.31497921198067 ], [ 57.786382665951187, -20.314799548923848 ], [ 57.786562329008014, -20.314799548923848 ], [ 57.786562329008014, -20.314709717395434 ], [ 57.7864724974796, -20.314709717395434 ], [ 57.7864724974796, -20.314619885867025 ], [ 57.786382665951187, -20.314619885867025 ], [ 57.786382665951187, -20.314709717395434 ], [ 57.786292834422774, -20.314709717395434 ], [ 57.786292834422774, -20.314619885867025 ], [ 57.786203002894368, -20.314619885867025 ], [ 57.786203002894368, -20.314170728224966 ], [ 57.786113171365955, -20.314170728224966 ], [ 57.786113171365955, -20.313901233639729 ], [ 57.785753845252302, -20.313901233639729 ], [ 57.785753845252302, -20.313991065168139 ], [ 57.785664013723895, -20.313991065168139 ], [ 57.785664013723895, -20.313901233639729 ], [ 57.785574182195482, -20.313901233639729 ], [ 57.785574182195482, -20.313811402111316 ], [ 57.785304687610243, -20.313811402111316 ] ] ] } },
{ "type": "Feature", "properties": { "component_id": 11, "rank": 10, "pixel_count": 434, "approx_area_km2": 0.040668368165452093, "mean_probability": 0.50535828496591284, "max_probability": 0.84313726425170898, "centroid_lon": 57.818305562181415, "centroid_lat": -20.314908423080404, "distance_to_wakashio_km": 15.675630747130127, "area_km2": 0.040468233469479697 }, "geometry": { "type": "Polygon", "coordinates": [ [ [ 57.818722016179493, -20.313901233639729 ], [ 57.818722016179493, -20.313991065168139 ], [ 57.818272858537433, -20.313991065168139 ], [ 57.818272858537433, -20.314080896696552 ], [ 57.818003363952194, -20.314080896696552 ], [ 57.818003363952194, -20.314170728224966 ], [ 57.817913532423781, -20.314170728224966 ], [ 57.817913532423781, -20.314260559753375 ], [ 57.817823700895374, -20.314260559753375 ], [ 57.817823700895374, -20.314350391281788 ], [ 57.817733869366961, -20.314350391281788 ], [ 57.817733869366961, -20.314440222810202 ], [ 57.817554206310135, -20.314440222810202 ], [ 57.817554206310135, -20.314530054338611 ], [ 57.817464374781721, -20.314530054338611 ], [ 57.817464374781721, -20.314619885867025 ], [ 57.817374543253315, -20.314619885867025 ], [ 57.817374543253315, -20.314709717395434 ], [ 57.817284711724902, -20.314709717395434 ], [ 57.817284711724902, -20.314889380452261 ], [ 57.817194880196489, -20.314889380452261 ], [ 57.817194880196489, -20.31497921198067 ], [ 57.817105048668076, -20.31497921198067 ], [ 57.817105048668076, -20.315158875037497 ], [ 57.817015217139662, -20.315158875037497 ], [ 57.817015217139662, -20.315428369622733 ], [ 57.816925385611249, -20.315428369622733 ], [ 57.816925385611249, -20.315697864207966 ], [ 57.817015217139662, -20.315697864207966 ], [ 57.817015217139662, -20.315787695736379 ], [ 57.817194880196489, -20.315787695736379 ], [ 57.817194880196489, -20.315877527264792 ], [ 57.817913532423781, -20.315877527264792 ], [ 57.817913532423781, -20.315787695736379 ], [ 57.81818302700902, -20.315787695736379 ], [ 57.81818302700902, -20.315697864207966 ], [ 57.818362690065847, -20.315697864207966 ], [ 57.818362690065847, -20.315608032679556 ], [ 57.818542353122666, -20.315608032679556 ], [ 57.818542353122666, -20.315518201151143 ], [ 57.818632184651079, -20.315518201151143 ], [ 57.818632184651079, -20.315428369622733 ], [ 57.818901679236312, -20.315428369622733 ], [ 57.818901679236312, -20.31533853809432 ], [ 57.819081342293138, -20.31533853809432 ], [ 57.819081342293138, -20.315248706565907 ], [ 57.819261005349965, -20.315248706565907 ], [ 57.819261005349965, -20.315158875037497 ], [ 57.819350836878378, -20.315158875037497 ], [ 57.819350836878378, -20.315069043509084 ], [ 57.819530499935198, -20.315069043509084 ], [ 57.819530499935198, -20.314889380452261 ], [ 57.819620331463611, -20.314889380452261 ], [ 57.819620331463611, -20.314709717395434 ], [ 57.819710162992024, -20.314709717395434 ], [ 57.819710162992024, -20.314350391281788 ], [ 57.819620331463611, -20.314350391281788 ], [ 57.819620331463611, -20.314260559753375 ], [ 57.819530499935198, -20.314260559753375 ], [ 57.819530499935198, -20.314170728224966 ], [ 57.819350836878378, -20.314170728224966 ], [ 57.819350836878378, -20.314080896696552 ], [ 57.819081342293138, -20.314080896696552 ], [ 57.819081342293138, -20.313991065168139 ], [ 57.818901679236312, -20.313991065168139 ], [ 57.818901679236312, -20.313901233639729 ], [ 57.818722016179493, -20.313901233639729 ] ] ] } },
{ "type": "Feature", "properties": { "component_id": 12, "rank": 9, "pixel_count": 550, "approx_area_km2": 0.05153825458755449, "mean_probability": 0.25440998871218073, "max_probability": 0.43921568989753723, "centroid_lon": 57.781231399451947, "centroid_lat": -20.333189042770083, "distance_to_wakashio_km": 12.251020912020767, "area_km2": 0.051277884349689738 }, "geometry": { "type": "Polygon", "coordinates": [ [ [ 57.779645301320294, -20.330430234867528 ], [ 57.779645301320294, -20.330609897924351 ], [ 57.779735132848707, -20.330609897924351 ], [ 57.779735132848707, -20.330879392509587 ], [ 57.779824964377113, -20.330879392509587 ], [ 57.779824964377113, -20.33105905556641 ], [ 57.779914795905526, -20.33105905556641 ], [ 57.779914795905526, -20.331328550151646 ], [ 57.780004627433939, -20.331328550151646 ], [ 57.780004627433939, -20.331598044736882 ], [ 57.780094458962353, -20.331598044736882 ], [ 57.780094458962353, -20.331777707793705 ], [ 57.780184290490766, -20.331777707793705 ], [ 57.780184290490766, -20.332047202378941 ], [ 57.780274122019179, -20.332047202378941 ], [ 57.780274122019179, -20.332316696964178 ], [ 57.780363953547585, -20.332316696964178 ], [ 57.780363953547585, -20.332586191549414 ], [ 57.780453785075998, -20.332586191549414 ], [ 57.780453785075998, -20.332765854606237 ], [ 57.780543616604412, -20.332765854606237 ], [ 57.780543616604412, -20.333035349191473 ], [ 57.780633448132825, -20.333035349191473 ], [ 57.780633448132825, -20.333304843776709 ], [ 57.780723279661238, -20.333304843776709 ], [ 57.780723279661238, -20.333574338361945 ], [ 57.780813111189644, -20.333574338361945 ], [ 57.780813111189644, -20.333754001418768 ], [ 57.780902942718058, -20.333754001418768 ], [ 57.780902942718058, -20.334023496004004 ], [ 57.780992774246471, -20.334023496004004 ], [ 57.780992774246471, -20.33429299058924 ], [ 57.781082605774884, -20.33429299058924 ], [ 57.781082605774884, -20.334472653646067 ], [ 57.781172437303297, -20.334472653646067 ], [ 57.781172437303297, -20.3347421482313 ], [ 57.781262268831711, -20.3347421482313 ], [ 57.781262268831711, -20.335011642816536 ], [ 57.78144193188853, -20.335011642816536 ], [ 57.78144193188853, -20.335101474344949 ], [ 57.781352100360117, -20.335101474344949 ], [ 57.781352100360117, -20.335281137401772 ], [ 57.78144193188853, -20.335281137401772 ], [ 57.78144193188853, -20.335460800458598 ], [ 57.781531763416943, -20.335460800458598 ], [ 57.781531763416943, -20.335640463515421 ], [ 57.781621594945356, -20.335640463515421 ], [ 57.781621594945356, -20.335550631987008 ], [ 57.781891089530589, -20.335550631987008 ], [ 57.781891089530589, -20.335460800458598 ], [ 57.781980921059002, -20.335460800458598 ], [ 57.781980921059002, -20.335011642816536 ], [ 57.781891089530589, -20.335011642816536 ], [ 57.781891089530589, -20.334921811288126 ], [ 57.781531763416943, -20.334921811288126 ], [ 57.781531763416943, -20.334562485174477 ], [ 57.781621594945356, -20.334562485174477 ], [ 57.781621594945356, -20.334472653646067 ], [ 57.782160584115829, -20.334472653646067 ], [ 57.782160584115829, -20.33429299058924 ], [ 57.782070752587416, -20.33429299058924 ], [ 57.782070752587416, -20.334203159060831 ], [ 57.782160584115829, -20.334203159060831 ], [ 57.782160584115829, -20.334113327532418 ], [ 57.782250415644242, -20.334113327532418 ], [ 57.782250415644242, -20.334023496004004 ], [ 57.782340247172648, -20.334023496004004 ], [ 57.782340247172648, -20.333843832947181 ], [ 57.782430078701061, -20.333843832947181 ], [ 57.782430078701061, -20.333664169890358 ], [ 57.782609741757888, -20.333664169890358 ], [ 57.782609741757888, -20.333574338361945 ], [ 57.782789404814707, -20.333574338361945 ], [ 57.782789404814707, -20.333484506833535 ], [ 57.782879236343121, -20.333484506833535 ], [ 57.782879236343121, -20.333304843776709 ], [ 57.782430078701061, -20.333304843776709 ], [ 57.782430078701061, -20.333215012248299 ], [ 57.78171142647377, -20.333215012248299 ], [ 57.78171142647377, -20.33285568613465 ], [ 57.781621594945356, -20.33285568613465 ], [ 57.781621594945356, -20.332676023077827 ], [ 57.78171142647377, -20.332676023077827 ], [ 57.78171142647377, -20.332586191549414 ], [ 57.781621594945356, -20.332586191549414 ], [ 57.781621594945356, -20.332316696964178 ], [ 57.781262268831711, -20.332316696964178 ], [ 57.781262268831711, -20.332226865435768 ], [ 57.781172437303297, -20.332226865435768 ], [ 57.781172437303297, -20.332137033907355 ], [ 57.780992774246471, -20.332137033907355 ], [ 57.780992774246471, -20.332047202378941 ], [ 57.780813111189644, -20.332047202378941 ], [ 57.780813111189644, -20.331957370850532 ], [ 57.780633448132825, -20.331957370850532 ], [ 57.780633448132825, -20.331867539322118 ], [ 57.780813111189644, -20.331867539322118 ], [ 57.780813111189644, -20.331777707793705 ], [ 57.780723279661238, -20.331777707793705 ], [ 57.780723279661238, -20.331687876265296 ], [ 57.780633448132825, -20.331687876265296 ], [ 57.780633448132825, -20.331777707793705 ], [ 57.780453785075998, -20.331777707793705 ], [ 57.780453785075998, -20.331687876265296 ], [ 57.780184290490766, -20.331687876265296 ], [ 57.780184290490766, -20.331598044736882 ], [ 57.780274122019179, -20.331598044736882 ], [ 57.780274122019179, -20.33105905556641 ], [ 57.780363953547585, -20.33105905556641 ], [ 57.780363953547585, -20.330609897924351 ], [ 57.780094458962353, -20.330609897924351 ], [ 57.780094458962353, -20.330520066395941 ], [ 57.779824964377113, -20.330520066395941 ], [ 57.779824964377113, -20.330430234867528 ], [ 57.779645301320294, -20.330430234867528 ] ] ] } },
{ "type": "Feature", "properties": { "component_id": 14, "rank": 8, "pixel_count": 912, "approx_area_km2": 0.085459796697908541, "mean_probability": 0.40259289052010627, "max_probability": 0.80392158031463623, "centroid_lon": 57.778670944435369, "centroid_lat": -20.338254738291276, "distance_to_wakashio_km": 11.633163878452821, "area_km2": 0.085025249557040591 }, "geometry": { "type": "Polygon", "coordinates": [ [ [ 57.781172437303297, -20.335820126572244 ], [ 57.781172437303297, -20.335909958100657 ], [ 57.780902942718058, -20.335909958100657 ], [ 57.780902942718058, -20.335999789629067 ], [ 57.780633448132825, -20.335999789629067 ], [ 57.780633448132825, -20.33608962115748 ], [ 57.780363953547585, -20.33608962115748 ], [ 57.780363953547585, -20.336179452685894 ], [ 57.780004627433939, -20.336179452685894 ], [ 57.780004627433939, -20.336269284214303 ], [ 57.779735132848707, -20.336269284214303 ], [ 57.779735132848707, -20.336359115742717 ], [ 57.779465638263467, -20.336359115742717 ], [ 57.779465638263467, -20.33644894727113 ], [ 57.779196143678234, -20.33644894727113 ], [ 57.779196143678234, -20.33653877879954 ], [ 57.779016480621408, -20.33653877879954 ], [ 57.779016480621408, -20.336808273384776 ], [ 57.779106312149821, -20.336808273384776 ], [ 57.779106312149821, -20.337077767970012 ], [ 57.779016480621408, -20.337077767970012 ], [ 57.779016480621408, -20.337437094083661 ], [ 57.778926649092995, -20.337437094083661 ], [ 57.778926649092995, -20.337706588668894 ], [ 57.778836817564581, -20.337706588668894 ], [ 57.778836817564581, -20.33788625172572 ], [ 57.778746986036175, -20.33788625172572 ], [ 57.778746986036175, -20.33797608325413 ], [ 57.778657154507762, -20.33797608325413 ], [ 57.778657154507762, -20.338065914782543 ], [ 57.778567322979349, -20.338065914782543 ], [ 57.778567322979349, -20.338155746310957 ], [ 57.778477491450936, -20.338155746310957 ], [ 57.778477491450936, -20.338245577839366 ], [ 57.778387659922522, -20.338245577839366 ], [ 57.778387659922522, -20.33833540936778 ], [ 57.778297828394116, -20.33833540936778 ], [ 57.778297828394116, -20.338425240896193 ], [ 57.77811816533729, -20.338425240896193 ], [ 57.77811816533729, -20.338515072424602 ], [ 57.777938502280463, -20.338515072424602 ], [ 57.777938502280463, -20.338604903953016 ], [ 57.77784867075205, -20.338604903953016 ], [ 57.77784867075205, -20.338694735481425 ], [ 57.777669007695231, -20.338694735481425 ], [ 57.777669007695231, -20.338784567009839 ], [ 57.777399513109991, -20.338784567009839 ], [ 57.777399513109991, -20.338874398538252 ], [ 57.776950355467932, -20.338874398538252 ], [ 57.776950355467932, -20.338964230066662 ], [ 57.776680860882699, -20.338964230066662 ], [ 57.776680860882699, -20.339054061595075 ], [ 57.776411366297459, -20.339054061595075 ], [ 57.776411366297459, -20.339233724651898 ], [ 57.77623170324064, -20.339233724651898 ], [ 57.77623170324064, -20.339323556180311 ], [ 57.775782545598581, -20.339323556180311 ], [ 57.775782545598581, -20.339413387708724 ], [ 57.775602882541754, -20.339413387708724 ], [ 57.775602882541754, -20.339503219237134 ], [ 57.775243556428109, -20.339503219237134 ], [ 57.775243556428109, -20.339682882293957 ], [ 57.775333387956522, -20.339682882293957 ], [ 57.775333387956522, -20.33977271382237 ], [ 57.775513051013341, -20.33977271382237 ], [ 57.775513051013341, -20.339682882293957 ], [ 57.775602882541754, -20.339682882293957 ], [ 57.775602882541754, -20.33977271382237 ], [ 57.775782545598581, -20.33977271382237 ], [ 57.775782545598581, -20.339862545350783 ], [ 57.775872377126987, -20.339862545350783 ], [ 57.775872377126987, -20.33977271382237 ], [ 57.776052040183814, -20.33977271382237 ], [ 57.776052040183814, -20.340132039936019 ], [ 57.776411366297459, -20.340132039936019 ], [ 57.776411366297459, -20.340221871464429 ], [ 57.777219850053172, -20.340221871464429 ], [ 57.777219850053172, -20.340132039936019 ], [ 57.777399513109991, -20.340132039936019 ], [ 57.777399513109991, -20.340042208407606 ], [ 57.777309681581585, -20.340042208407606 ], [ 57.777309681581585, -20.33977271382237 ], [ 57.777669007695231, -20.33977271382237 ], [ 57.777669007695231, -20.339682882293957 ], [ 57.777758839223644, -20.339682882293957 ], [ 57.777758839223644, -20.339593050765547 ], [ 57.777938502280463, -20.339593050765547 ], [ 57.777938502280463, -20.339503219237134 ], [ 57.778028333808876, -20.339503219237134 ], [ 57.778028333808876, -20.339413387708724 ], [ 57.778567322979349, -20.339413387708724 ], [ 57.778567322979349, -20.339503219237134 ], [ 57.778746986036175, -20.339503219237134 ], [ 57.778746986036175, -20.339413387708724 ], [ 57.778836817564581, -20.339413387708724 ], [ 57.778836817564581, -20.339233724651898 ], [ 57.779285975206648, -20.339233724651898 ], [ 57.779285975206648, -20.339143893123488 ], [ 57.779465638263467, -20.339143893123488 ], [ 57.779465638263467, -20.339054061595075 ], [ 57.77955546979188, -20.339054061595075 ], [ 57.77955546979188, -20.338874398538252 ], [ 57.779645301320294, -20.338874398538252 ], [ 57.779645301320294, -20.338604903953016 ], [ 57.779735132848707, -20.338604903953016 ], [ 57.779735132848707, -20.338515072424602 ], [ 57.779824964377113, -20.338515072424602 ], [ 57.779824964377113, -20.338425240896193 ], [ 57.779914795905526, -20.338425240896193 ], [ 57.779914795905526, -20.338155746310957 ], [ 57.780004627433939, -20.338155746310957 ], [ 57.780004627433939, -20.33788625172572 ], [ 57.780094458962353, -20.33788625172572 ], [ 57.780094458962353, -20.337616757140484 ], [ 57.780184290490766, -20.337616757140484 ], [ 57.780184290490766, -20.337526925612071 ], [ 57.780274122019179, -20.337526925612071 ], [ 57.780274122019179, -20.337437094083661 ], [ 57.780363953547585, -20.337437094083661 ], [ 57.780363953547585, -20.337347262555248 ], [ 57.780274122019179, -20.337347262555248 ], [ 57.780274122019179, -20.337257431026835 ], [ 57.780184290490766, -20.337257431026835 ], [ 57.780184290490766, -20.336987936441599 ], [ 57.780274122019179, -20.336987936441599 ], [ 57.780274122019179, -20.336808273384776 ], [ 57.780543616604412, -20.336808273384776 ], [ 57.780543616604412, -20.336718441856362 ], [ 57.780633448132825, -20.336718441856362 ], [ 57.780633448132825, -20.336808273384776 ], [ 57.781082605774884, -20.336808273384776 ], [ 57.781082605774884, -20.336718441856362 ], [ 57.781172437303297, -20.336718441856362 ], [ 57.781172437303297, -20.336628610327953 ], [ 57.781262268831711, -20.336628610327953 ], [ 57.781262268831711, -20.33644894727113 ], [ 57.781352100360117, -20.33644894727113 ], [ 57.781352100360117, -20.336269284214303 ], [ 57.78144193188853, -20.336269284214303 ], [ 57.78144193188853, -20.335909958100657 ], [ 57.781352100360117, -20.335909958100657 ], [ 57.781352100360117, -20.335820126572244 ], [ 57.781172437303297, -20.335820126572244 ] ] ] } },
{ "type": "Feature", "properties": { "component_id": 17, "rank": 1, "pixel_count": 66145, "approx_area_km2": 6.1981779085341673, "mean_probability": 0.78251115659690962, "max_probability": 1.0, "centroid_lon": 57.741974131066755, "centroid_lat": -20.367962210729807, "distance_to_wakashio_km": 7.7942290124017326, "area_km2": 9.320276744898291e-05 }, "geometry": { "type": "Polygon", "coordinates": [ [ [ 57.736795662267788, -20.380735890778222 ], [ 57.736795662267788, -20.380825722306632 ], [ 57.736885493796201, -20.380825722306632 ], [ 57.736885493796201, -20.380735890778222 ], [ 57.736795662267788, -20.380735890778222 ] ] ] } },
{ "type": "Feature", "properties": { "component_id": 17, "rank": 1, "pixel_count": 66145, "approx_area_km2": 6.1981779085341673, "mean_probability": 0.78251115659690962, "max_probability": 1.0, "centroid_lon": 57.741974131066755, "centroid_lat": -20.367962210729807, "distance_to_wakashio_km": 7.7942290124017326, "area_km2": 6.1653169463471089 }, "geometry": { "type": "Polygon", "coordinates": [ [ [ 57.770302822365451, -20.339233724651898 ], [ 57.770302822365451, -20.339323556180311 ], [ 57.770033327780212, -20.339323556180311 ], [ 57.770033327780212, -20.339413387708724 ], [ 57.769763833194979, -20.339413387708724 ], [ 57.769763833194979, -20.339503219237134 ], [ 57.769404507081333, -20.339503219237134 ], [ 57.769404507081333, -20.339593050765547 ], [ 57.769135012496093, -20.339593050765547 ], [ 57.769135012496093, -20.339682882293957 ], [ 57.768865517910861, -20.339682882293957 ], [ 57.768865517910861, -20.33977271382237 ], [ 57.768596023325621, -20.33977271382237 ], [ 57.768596023325621, -20.339862545350783 ], [ 57.768326528740388, -20.339862545350783 ], [ 57.768326528740388, -20.339952376879193 ], [ 57.767967202626735, -20.339952376879193 ], [ 57.767967202626735, -20.340042208407606 ], [ 57.767697708041503, -20.340042208407606 ], [ 57.767697708041503, -20.340132039936019 ], [ 57.76742821345627, -20.340132039936019 ], [ 57.76742821345627, -20.340221871464429 ], [ 57.76715871887103, -20.340221871464429 ], [ 57.76715871887103, -20.340311702992842 ], [ 57.766889224285798, -20.340311702992842 ], [ 57.766889224285798, -20.340401534521256 ], [ 57.766529898172145, -20.340401534521256 ], [ 57.766529898172145, -20.340491366049665 ], [ 57.766260403586912, -20.340491366049665 ], [ 57.766260403586912, -20.340581197578079 ], [ 57.765990909001673, -20.340581197578079 ], [ 57.765990909001673, -20.340671029106488 ], [ 57.766080740530086, -20.340671029106488 ], [ 57.766080740530086, -20.340940523691724 ], [ 57.765990909001673, -20.340940523691724 ], [ 57.765990909001673, -20.341389681333787 ], [ 57.765901077473266, -20.341389681333787 ], [ 57.765901077473266, -20.34156934439061 ], [ 57.765811245944853, -20.34156934439061 ], [ 57.765811245944853, -20.341659175919023 ], [ 57.76572141441644, -20.341659175919023 ], [ 57.76572141441644, -20.341838838975846 ], [ 57.765631582888027, -20.341838838975846 ], [ 57.765631582888027, -20.342018502032669 ], [ 57.765541751359613, -20.342018502032669 ], [ 57.765541751359613, -20.342108333561082 ], [ 57.765451919831207, -20.342108333561082 ], [ 57.765451919831207, -20.342287996617905 ], [ 57.765362088302794, -20.342287996617905 ], [ 57.765362088302794, -20.342467659674728 ], [ 57.765272256774381, -20.342467659674728 ], [ 57.765272256774381, -20.342647322731555 ], [ 57.765182425245968, -20.342647322731555 ], [ 57.765182425245968, -20.342916817316787 ], [ 57.765092593717554, -20.342916817316787 ], [ 57.765092593717554, -20.343635469544086 ], [ 57.765002762189141, -20.343635469544086 ], [ 57.765002762189141, -20.343904964129319 ], [ 57.765092593717554, -20.343904964129319 ], [ 57.765092593717554, -20.347677888322622 ], [ 57.765182425245968, -20.347677888322622 ], [ 57.765182425245968, -20.348396540549917 ], [ 57.765092593717554, -20.348396540549917 ], [ 57.765092593717554, -20.348666035135153 ], [ 57.765002762189141, -20.348666035135153 ], [ 57.765002762189141, -20.348845698191976 ], [ 57.764912930660735, -20.348845698191976 ], [ 57.764912930660735, -20.348935529720389 ], [ 57.764823099132322, -20.348935529720389 ], [ 57.764823099132322, -20.349025361248803 ], [ 57.764733267603908, -20.349025361248803 ], [ 57.764733267603908, -20.349115192777212 ], [ 57.764643436075495, -20.349115192777212 ], [ 57.764643436075495, -20.349205024305625 ], [ 57.764553604547082, -20.349205024305625 ], [ 57.764553604547082, -20.349294855834039 ], [ 57.764463773018676, -20.349294855834039 ], [ 57.764463773018676, -20.349384687362448 ], [ 57.764373941490263, -20.349384687362448 ], [ 57.764373941490263, -20.349474518890862 ], [ 57.764284109961849, -20.349474518890862 ], [ 57.764284109961849, -20.349564350419275 ], [ 57.764194278433436, -20.349564350419275 ], [ 57.764194278433436, -20.349744013476098 ], [ 57.764104446905023, -20.349744013476098 ], [ 57.764104446905023, -20.349833845004508 ], [ 57.76401461537661, -20.349833845004508 ], [ 57.76401461537661, -20.349923676532921 ], [ 57.76383495231979, -20.349923676532921 ], [ 57.76383495231979, -20.350013508061334 ], [ 57.763745120791377, -20.350013508061334 ], [ 57.763745120791377, -20.350103339589744 ], [ 57.763655289262964, -20.350103339589744 ], [ 57.763655289262964, -20.350193171118157 ], [ 57.763565457734551, -20.350193171118157 ], [ 57.763565457734551, -20.35028300264657 ], [ 57.763475626206137, -20.35028300264657 ], [ 57.763475626206137, -20.35037283417498 ], [ 57.763385794677731, -20.35037283417498 ], [ 57.763385794677731, -20.350462665703393 ], [ 57.763295963149318, -20.350462665703393 ], [ 57.763295963149318, -20.350552497231806 ], [ 57.763116300092491, -20.350552497231806 ], [ 57.763116300092491, -20.350642328760216 ], [ 57.763026468564078, -20.350642328760216 ], [ 57.763026468564078, -20.350732160288629 ], [ 57.762936637035672, -20.350732160288629 ], [ 57.762936637035672, -20.350821991817039 ], [ 57.762846805507259, -20.350821991817039 ], [ 57.762846805507259, -20.350911823345452 ], [ 57.762756973978846, -20.350911823345452 ], [ 57.762756973978846, -20.351001654873865 ], [ 57.762577310922019, -20.351001654873865 ], [ 57.762577310922019, -20.351091486402275 ], [ 57.762487479393606, -20.351091486402275 ], [ 57.762487479393606, -20.351181317930688 ], [ 57.762307816336786, -20.351181317930688 ], [ 57.762307816336786, -20.351271149459102 ], [ 57.762217984808373, -20.351271149459102 ], [ 57.762217984808373, -20.351360980987511 ], [ 57.762038321751547, -20.351360980987511 ], [ 57.762038321751547, -20.351450812515925 ], [ 57.761948490223141, -20.351450812515925 ], [ 57.761948490223141, -20.351540644044338 ], [ 57.761768827166314, -20.351540644044338 ], [ 57.761768827166314, -20.351630475572748 ], [ 57.761589164109488, -20.351630475572748 ], [ 57.761589164109488, -20.35181013862957 ], [ 57.761499332581074, -20.35181013862957 ], [ 57.761499332581074, -20.351899970157984 ], [ 57.761319669524255, -20.351899970157984 ], [ 57.761319669524255, -20.351989801686397 ], [ 57.761229837995842, -20.351989801686397 ], [ 57.761229837995842, -20.352079633214807 ], [ 57.761050174939015, -20.352079633214807 ], [ 57.761050174939015, -20.35216946474322 ], [ 57.760870511882196, -20.35216946474322 ], [ 57.760870511882196, -20.352259296271633 ], [ 57.760601017296956, -20.352259296271633 ], [ 57.760601017296956, -20.352349127800043 ], [ 57.76024169118331, -20.352349127800043 ], [ 57.76024169118331, -20.352438959328456 ], [ 57.759972196598078, -20.352438959328456 ], [ 57.759972196598078, -20.352528790856869 ], [ 57.759612870484425, -20.352528790856869 ], [ 57.759612870484425, -20.352618622385279 ], [ 57.759343375899192, -20.352618622385279 ], [ 57.759343375899192, -20.352708453913692 ], [ 57.759163712842366, -20.352708453913692 ], [ 57.759163712842366, -20.352798285442102 ], [ 57.75880438672872, -20.352798285442102 ], [ 57.75880438672872, -20.352888116970515 ], [ 57.756558598518417, -20.352888116970515 ], [ 57.756558598518417, -20.352798285442102 ], [ 57.755929777819539, -20.352798285442102 ], [ 57.755929777819539, -20.352708453913692 ], [ 57.755570451705886, -20.352708453913692 ], [ 57.755570451705886, -20.352618622385279 ], [ 57.75503146253542, -20.352618622385279 ], [ 57.75503146253542, -20.352528790856869 ], [ 57.753504326552417, -20.352528790856869 ], [ 57.753504326552417, -20.352438959328456 ], [ 57.753414495024003, -20.352438959328456 ], [ 57.753414495024003, -20.352349127800043 ], [ 57.753055168910358, -20.352349127800043 ], [ 57.753055168910358, -20.352259296271633 ], [ 57.752875505853531, -20.352259296271633 ], [ 57.752875505853531, -20.35216946474322 ], [ 57.752695842796705, -20.35216946474322 ], [ 57.752695842796705, -20.352079633214807 ], [ 57.752516179739885, -20.352079633214807 ], [ 57.752516179739885, -20.351989801686397 ], [ 57.752246685154645, -20.351989801686397 ], [ 57.752246685154645, -20.351899970157984 ], [ 57.752067022097826, -20.351899970157984 ], [ 57.752067022097826, -20.35181013862957 ], [ 57.751887359041, -20.35181013862957 ], [ 57.751887359041, -20.351720307101161 ], [ 57.751258538342114, -20.351720307101161 ], [ 57.751258538342114, -20.35181013862957 ], [ 57.751078875285295, -20.35181013862957 ], [ 57.751078875285295, -20.351899970157984 ], [ 57.750899212228468, -20.351899970157984 ], [ 57.750899212228468, -20.351989801686397 ], [ 57.750809380700055, -20.351989801686397 ], [ 57.750809380700055, -20.352079633214807 ], [ 57.750629717643228, -20.352079633214807 ], [ 57.750629717643228, -20.35216946474322 ], [ 57.750360223057996, -20.35216946474322 ], [ 57.750360223057996, -20.352259296271633 ], [ 57.750180560001169, -20.352259296271633 ], [ 57.750180560001169, -20.352349127800043 ], [ 57.75000089694435, -20.352349127800043 ], [ 57.75000089694435, -20.352438959328456 ], [ 57.749461907773878, -20.352438959328456 ], [ 57.749461907773878, -20.352349127800043 ], [ 57.749282244717051, -20.352349127800043 ], [ 57.749282244717051, -20.35216946474322 ], [ 57.749192413188638, -20.35216946474322 ], [ 57.749192413188638, -20.352079633214807 ], [ 57.749102581660232, -20.352079633214807 ], [ 57.749102581660232, -20.351989801686397 ], [ 57.749012750131818, -20.351989801686397 ], [ 57.749012750131818, -20.351899970157984 ], [ 57.748922918603405, -20.351899970157984 ], [ 57.748922918603405, -20.35181013862957 ], [ 57.748833087074992, -20.35181013862957 ], [ 57.748833087074992, -20.351720307101161 ], [ 57.748204266376106, -20.351720307101161 ], [ 57.748204266376106, -20.35181013862957 ], [ 57.748024603319287, -20.35181013862957 ], [ 57.748024603319287, -20.351899970157984 ], [ 57.747934771790874, -20.351899970157984 ], [ 57.747934771790874, -20.352079633214807 ], [ 57.747844940262461, -20.352079633214807 ], [ 57.747844940262461, -20.35216946474322 ], [ 57.747755108734047, -20.35216946474322 ], [ 57.747755108734047, -20.352259296271633 ], [ 57.747665277205634, -20.352259296271633 ], [ 57.747665277205634, -20.352349127800043 ], [ 57.747575445677228, -20.352349127800043 ], [ 57.747575445677228, -20.352528790856869 ], [ 57.747485614148815, -20.352528790856869 ], [ 57.747485614148815, -20.352708453913692 ], [ 57.747395782620401, -20.352708453913692 ], [ 57.747395782620401, -20.352798285442102 ], [ 57.747305951091988, -20.352798285442102 ], [ 57.747305951091988, -20.352888116970515 ], [ 57.747216119563575, -20.352888116970515 ], [ 57.747216119563575, -20.352977948498928 ], [ 57.746766961921516, -20.352977948498928 ], [ 57.746766961921516, -20.353067780027338 ], [ 57.746227972751043, -20.353067780027338 ], [ 57.746227972751043, -20.353157611555751 ], [ 57.746048309694224, -20.353157611555751 ], [ 57.746048309694224, -20.353247443084165 ], [ 57.745868646637398, -20.353247443084165 ], [ 57.745868646637398, -20.353337274612574 ], [ 57.745688983580571, -20.353337274612574 ], [ 57.745688983580571, -20.353427106140987 ], [ 57.745599152052165, -20.353427106140987 ], [ 57.745599152052165, -20.353516937669401 ], [ 57.745509320523752, -20.353516937669401 ], [ 57.745509320523752, -20.35360676919781 ], [ 57.745419488995338, -20.35360676919781 ], [ 57.745419488995338, -20.353696600726224 ], [ 57.745329657466925, -20.353696600726224 ], [ 57.745329657466925, -20.353786432254633 ], [ 57.745239825938512, -20.353786432254633 ], [ 57.745239825938512, -20.353876263783047 ], [ 57.745149994410106, -20.353876263783047 ], [ 57.745149994410106, -20.35405592683987 ], [ 57.745060162881693, -20.35405592683987 ], [ 57.745060162881693, -20.354325421425106 ], [ 57.744970331353279, -20.354325421425106 ], [ 57.744970331353279, -20.355044073652401 ], [ 57.745060162881693, -20.355044073652401 ], [ 57.745060162881693, -20.355313568237637 ], [ 57.745149994410106, -20.355313568237637 ], [ 57.745149994410106, -20.355583062822873 ], [ 57.745239825938512, -20.355583062822873 ], [ 57.745239825938512, -20.356032220464932 ], [ 57.745149994410106, -20.356032220464932 ], [ 57.745149994410106, -20.356301715050169 ], [ 57.745060162881693, -20.356301715050169 ], [ 57.745060162881693, -20.356481378106995 ], [ 57.744970331353279, -20.356481378106995 ], [ 57.744970331353279, -20.356661041163818 ], [ 57.744880499824866, -20.356661041163818 ], [ 57.744880499824866, -20.356930535749054 ], [ 57.744790668296453, -20.356930535749054 ], [ 57.744790668296453, -20.357110198805877 ], [ 57.74470083676804, -20.357110198805877 ], [ 57.74470083676804, -20.357469524919527 ], [ 57.74452117371122, -20.357469524919527 ], [ 57.74452117371122, -20.357739019504763 ], [ 57.744431342182807, -20.357739019504763 ], [ 57.744431342182807, -20.357918682561586 ], [ 57.744341510654394, -20.357918682561586 ], [ 57.744341510654394, -20.358008514089995 ], [ 57.744251679125981, -20.358008514089995 ], [ 57.744251679125981, -20.358188177146822 ], [ 57.744161847597574, -20.358188177146822 ], [ 57.744161847597574, -20.358278008675232 ], [ 57.744072016069161, -20.358278008675232 ], [ 57.744072016069161, -20.358367840203645 ], [ 57.743982184540748, -20.358367840203645 ], [ 57.743982184540748, -20.358457671732058 ], [ 57.743892353012335, -20.358457671732058 ], [ 57.743892353012335, -20.358547503260468 ], [ 57.743802521483921, -20.358547503260468 ], [ 57.743802521483921, -20.358727166317294 ], [ 57.743712689955508, -20.358727166317294 ], [ 57.743712689955508, -20.358816997845704 ], [ 57.743622858427102, -20.358816997845704 ], [ 57.743622858427102, -20.358996660902527 ], [ 57.743533026898689, -20.358996660902527 ], [ 57.743533026898689, -20.35908649243094 ], [ 57.743443195370276, -20.35908649243094 ], [ 57.743443195370276, -20.359176323959353 ], [ 57.743353363841862, -20.359176323959353 ], [ 57.743353363841862, -20.359266155487763 ], [ 57.743263532313449, -20.359266155487763 ], [ 57.743263532313449, -20.359445818544589 ], [ 57.743173700785043, -20.359445818544589 ], [ 57.743173700785043, -20.359535650072999 ], [ 57.74308386925663, -20.359535650072999 ], [ 57.74308386925663, -20.359625481601412 ], [ 57.742994037728216, -20.359625481601412 ], [ 57.742994037728216, -20.359715313129826 ], [ 57.742904206199803, -20.359715313129826 ], [ 57.742904206199803, -20.359805144658235 ], [ 57.74281437467139, -20.359805144658235 ], [ 57.74281437467139, -20.359894976186649 ], [ 57.742724543142977, -20.359894976186649 ], [ 57.742724543142977, -20.359984807715058 ], [ 57.742634711614571, -20.359984807715058 ], [ 57.742634711614571, -20.360074639243471 ], [ 57.742455048557744, -20.360074639243471 ], [ 57.742455048557744, -20.360254302300294 ], [ 57.742365217029331, -20.360254302300294 ], [ 57.742365217029331, -20.360344133828708 ], [ 57.742275385500918, -20.360344133828708 ], [ 57.742275385500918, -20.360433965357121 ], [ 57.742185553972512, -20.360433965357121 ], [ 57.742185553972512, -20.360613628413944 ], [ 57.742095722444098, -20.360613628413944 ], [ 57.742095722444098, -20.360703459942357 ], [ 57.742005890915685, -20.360703459942357 ], [ 57.742005890915685, -20.36088312299918 ], [ 57.741916059387272, -20.36088312299918 ], [ 57.741916059387272, -20.361152617584416 ], [ 57.741826227858859, -20.361152617584416 ], [ 57.741826227858859, -20.361332280641239 ], [ 57.741736396330445, -20.361332280641239 ], [ 57.741736396330445, -20.361422112169652 ], [ 57.741646564802039, -20.361422112169652 ], [ 57.741646564802039, -20.361601775226475 ], [ 57.741556733273626, -20.361601775226475 ], [ 57.741556733273626, -20.361691606754889 ], [ 57.741466901745213, -20.361691606754889 ], [ 57.741466901745213, -20.361781438283298 ], [ 57.741377070216799, -20.361781438283298 ], [ 57.741377070216799, -20.361961101340121 ], [ 57.741287238688386, -20.361961101340121 ], [ 57.741287238688386, -20.362050932868534 ], [ 57.74119740715998, -20.362050932868534 ], [ 57.74119740715998, -20.362230595925357 ], [ 57.741107575631567, -20.362230595925357 ], [ 57.741107575631567, -20.362410258982184 ], [ 57.741017744103154, -20.362410258982184 ], [ 57.741017744103154, -20.36267975356742 ], [ 57.74092791257474, -20.36267975356742 ], [ 57.74092791257474, -20.362949248152653 ], [ 57.740838081046327, -20.362949248152653 ], [ 57.740838081046327, -20.363308574266302 ], [ 57.740748249517914, -20.363308574266302 ], [ 57.740748249517914, -20.363578068851538 ], [ 57.740658417989508, -20.363578068851538 ], [ 57.740658417989508, -20.363757731908361 ], [ 57.740568586461094, -20.363757731908361 ], [ 57.740568586461094, -20.363937394965184 ], [ 57.740478754932681, -20.363937394965184 ], [ 57.740478754932681, -20.364117058022011 ], [ 57.740388923404268, -20.364117058022011 ], [ 57.740388923404268, -20.36420688955042 ], [ 57.740299091875855, -20.36420688955042 ], [ 57.740299091875855, -20.364386552607247 ], [ 57.740209260347449, -20.364386552607247 ], [ 57.740209260347449, -20.364476384135656 ], [ 57.740119428819035, -20.364476384135656 ], [ 57.740119428819035, -20.364656047192483 ], [ 57.740029597290622, -20.364656047192483 ], [ 57.740029597290622, -20.364835710249306 ], [ 57.739939765762209, -20.364835710249306 ], [ 57.739939765762209, -20.365015373306129 ], [ 57.739849934233796, -20.365015373306129 ], [ 57.739849934233796, -20.365195036362952 ], [ 57.739760102705382, -20.365195036362952 ], [ 57.739760102705382, -20.365374699419778 ], [ 57.739670271176976, -20.365374699419778 ], [ 57.739670271176976, -20.365464530948188 ], [ 57.739580439648563, -20.365464530948188 ], [ 57.739580439648563, -20.365644194005014 ], [ 57.73949060812015, -20.365644194005014 ], [ 57.73949060812015, -20.365734025533424 ], [ 57.739310945063323, -20.365734025533424 ], [ 57.739310945063323, -20.365823857061837 ], [ 57.739221113534917, -20.365823857061837 ], [ 57.739221113534917, -20.365913688590247 ], [ 57.739041450478091, -20.365913688590247 ], [ 57.739041450478091, -20.36600352011866 ], [ 57.738771955892851, -20.36600352011866 ], [ 57.738771955892851, -20.366093351647073 ], [ 57.738592292836032, -20.366093351647073 ], [ 57.738592292836032, -20.366183183175483 ], [ 57.738412629779205, -20.366183183175483 ], [ 57.738412629779205, -20.366273014703896 ], [ 57.738232966722386, -20.366273014703896 ], [ 57.738232966722386, -20.36636284623231 ], [ 57.738053303665559, -20.36636284623231 ], [ 57.738053303665559, -20.366452677760719 ], [ 57.737963472137146, -20.366452677760719 ], [ 57.737963472137146, -20.366542509289133 ], [ 57.737873640608733, -20.366542509289133 ], [ 57.737873640608733, -20.366632340817546 ], [ 57.737783809080319, -20.366632340817546 ], [ 57.737783809080319, -20.366722172345955 ], [ 57.737693977551913, -20.366722172345955 ], [ 57.737693977551913, -20.366812003874369 ], [ 57.7376041460235, -20.366812003874369 ], [ 57.7376041460235, -20.366901835402778 ], [ 57.737514314495087, -20.366901835402778 ], [ 57.737514314495087, -20.367081498459605 ], [ 57.737424482966674, -20.367081498459605 ], [ 57.737424482966674, -20.367261161516428 ], [ 57.73733465143826, -20.367261161516428 ], [ 57.73733465143826, -20.367350993044841 ], [ 57.737244819909854, -20.367350993044841 ], [ 57.737244819909854, -20.367530656101664 ], [ 57.737154988381441, -20.367530656101664 ], [ 57.737154988381441, -20.367620487630077 ], [ 57.737065156853028, -20.367620487630077 ], [ 57.737065156853028, -20.3678001506869 ], [ 57.736975325324615, -20.3678001506869 ], [ 57.736975325324615, -20.36788998221531 ], [ 57.736885493796201, -20.36788998221531 ], [ 57.736885493796201, -20.368069645272136 ], [ 57.736795662267788, -20.368069645272136 ], [ 57.736795662267788, -20.368159476800546 ], [ 57.736705830739382, -20.368159476800546 ], [ 57.736705830739382, -20.368249308328959 ], [ 57.736615999210969, -20.368249308328959 ], [ 57.736615999210969, -20.368428971385782 ], [ 57.736526167682555, -20.368428971385782 ], [ 57.736526167682555, -20.368518802914195 ], [ 57.736436336154142, -20.368518802914195 ], [ 57.736436336154142, -20.368608634442609 ], [ 57.736346504625729, -20.368608634442609 ], [ 57.736346504625729, -20.368788297499432 ], [ 57.736256673097323, -20.368788297499432 ], [ 57.736256673097323, -20.369057792084668 ], [ 57.73616684156891, -20.369057792084668 ], [ 57.73616684156891, -20.369147623613078 ], [ 57.736077010040496, -20.369147623613078 ], [ 57.736077010040496, -20.369327286669904 ], [ 57.735987178512083, -20.369327286669904 ], [ 57.735987178512083, -20.369506949726727 ], [ 57.73589734698367, -20.369506949726727 ], [ 57.73589734698367, -20.36968661278355 ], [ 57.735807515455257, -20.36968661278355 ], [ 57.735807515455257, -20.369776444311963 ], [ 57.73571768392685, -20.369776444311963 ], [ 57.73571768392685, -20.369956107368786 ], [ 57.735627852398437, -20.369956107368786 ], [ 57.735627852398437, -20.370045938897199 ], [ 57.735538020870024, -20.370045938897199 ], [ 57.735538020870024, -20.370225601954022 ], [ 57.735448189341611, -20.370225601954022 ], [ 57.735448189341611, -20.370315433482435 ], [ 57.735358357813197, -20.370315433482435 ], [ 57.735358357813197, -20.370405265010845 ], [ 57.735268526284791, -20.370405265010845 ], [ 57.735268526284791, -20.370584928067672 ], [ 57.735178694756378, -20.370584928067672 ], [ 57.735178694756378, -20.370674759596081 ], [ 57.735088863227965, -20.370674759596081 ], [ 57.735088863227965, -20.370764591124495 ], [ 57.734999031699552, -20.370764591124495 ], [ 57.734999031699552, -20.370854422652904 ], [ 57.734909200171138, -20.370854422652904 ], [ 57.734909200171138, -20.370944254181317 ], [ 57.734819368642725, -20.370944254181317 ], [ 57.734819368642725, -20.371034085709731 ], [ 57.734639705585906, -20.371034085709731 ], [ 57.734639705585906, -20.37112391723814 ], [ 57.734549874057493, -20.37112391723814 ], [ 57.734549874057493, -20.371213748766554 ], [ 57.734460042529079, -20.371213748766554 ], [ 57.734460042529079, -20.371303580294967 ], [ 57.734370211000666, -20.371303580294967 ], [ 57.734370211000666, -20.371393411823377 ], [ 57.73428037947226, -20.371393411823377 ], [ 57.73428037947226, -20.37148324335179 ], [ 57.734100716415433, -20.37148324335179 ], [ 57.734100716415433, -20.371573074880203 ], [ 57.733921053358607, -20.371573074880203 ], [ 57.733921053358607, -20.371662906408613 ], [ 57.733651558773374, -20.371662906408613 ], [ 57.733651558773374, -20.371752737937026 ], [ 57.733382064188135, -20.371752737937026 ], [ 57.733382064188135, -20.371842569465436 ], [ 57.733112569602902, -20.371842569465436 ], [ 57.733112569602902, -20.371932400993849 ], [ 57.732843075017662, -20.371932400993849 ], [ 57.732843075017662, -20.372022232522262 ], [ 57.732663411960843, -20.372022232522262 ], [ 57.732663411960843, -20.372112064050672 ], [ 57.732483748904016, -20.372112064050672 ], [ 57.732483748904016, -20.372201895579085 ], [ 57.732304085847197, -20.372201895579085 ], [ 57.732304085847197, -20.372291727107498 ], [ 57.73212442279037, -20.372291727107498 ], [ 57.73212442279037, -20.372381558635908 ], [ 57.731944759733544, -20.372381558635908 ], [ 57.731944759733544, -20.372471390164321 ], [ 57.731765096676725, -20.372471390164321 ], [ 57.731765096676725, -20.372561221692735 ], [ 57.731495602091485, -20.372561221692735 ], [ 57.731495602091485, -20.372651053221144 ], [ 57.731315939034658, -20.372651053221144 ], [ 57.731315939034658, -20.372740884749557 ], [ 57.730956612921013, -20.372740884749557 ], [ 57.730956612921013, -20.372830716277967 ], [ 57.73068711833578, -20.372830716277967 ], [ 57.73068711833578, -20.37292054780638 ], [ 57.730507455278953, -20.37292054780638 ], [ 57.730507455278953, -20.373010379334794 ], [ 57.730237960693721, -20.373010379334794 ], [ 57.730237960693721, -20.373100210863203 ], [ 57.730148129165308, -20.373100210863203 ], [ 57.730148129165308, -20.373190042391617 ], [ 57.730058297636894, -20.373190042391617 ], [ 57.730058297636894, -20.37327987392003 ], [ 57.729968466108481, -20.37327987392003 ], [ 57.729968466108481, -20.37336970544844 ], [ 57.729878634580068, -20.37336970544844 ], [ 57.729878634580068, -20.373459536976853 ], [ 57.729788803051662, -20.373459536976853 ], [ 57.729788803051662, -20.373549368505266 ], [ 57.729698971523248, -20.373549368505266 ], [ 57.729698971523248, -20.373729031562089 ], [ 57.729609139994835, -20.373729031562089 ], [ 57.729609139994835, -20.373818863090502 ], [ 57.729519308466422, -20.373818863090502 ], [ 57.729519308466422, -20.373998526147325 ], [ 57.729429476938009, -20.373998526147325 ], [ 57.729429476938009, -20.374178189204148 ], [ 57.729339645409596, -20.374178189204148 ], [ 57.729339645409596, -20.374357852260971 ], [ 57.729249813881189, -20.374357852260971 ], [ 57.729249813881189, -20.374447683789384 ], [ 57.729159982352776, -20.374447683789384 ], [ 57.729159982352776, -20.374627346846207 ], [ 57.729070150824363, -20.374627346846207 ], [ 57.729070150824363, -20.37471717837462 ], [ 57.728890487767536, -20.37471717837462 ], [ 57.728890487767536, -20.374896841431443 ], [ 57.72880065623913, -20.374896841431443 ], [ 57.72880065623913, -20.375076504488266 ], [ 57.728710824710717, -20.375076504488266 ], [ 57.728710824710717, -20.375256167545093 ], [ 57.728620993182304, -20.375256167545093 ], [ 57.728620993182304, -20.375345999073502 ], [ 57.728531161653891, -20.375345999073502 ], [ 57.728531161653891, -20.375435830601916 ], [ 57.728441330125477, -20.375435830601916 ], [ 57.728441330125477, -20.375525662130329 ], [ 57.728261667068658, -20.375525662130329 ], [ 57.728261667068658, -20.375615493658739 ], [ 57.727902340955005, -20.375615493658739 ], [ 57.727902340955005, -20.375525662130329 ], [ 57.727632846369772, -20.375525662130329 ], [ 57.727632846369772, -20.375435830601916 ], [ 57.727543014841359, -20.375435830601916 ], [ 57.727543014841359, -20.375345999073502 ], [ 57.727363351784533, -20.375345999073502 ], [ 57.727363351784533, -20.375256167545093 ], [ 57.727273520256126, -20.375256167545093 ], [ 57.727273520256126, -20.375166336016679 ], [ 57.7270938571993, -20.375166336016679 ], [ 57.7270938571993, -20.375076504488266 ], [ 57.726824362614067, -20.375076504488266 ], [ 57.726824362614067, -20.374986672959857 ], [ 57.726465036500414, -20.374986672959857 ], [ 57.726465036500414, -20.374896841431443 ], [ 57.726015878858355, -20.374896841431443 ], [ 57.726015878858355, -20.374807009903034 ], [ 57.725476889687883, -20.374807009903034 ], [ 57.725476889687883, -20.37471717837462 ], [ 57.724039585233292, -20.37471717837462 ], [ 57.724039585233292, -20.374807009903034 ], [ 57.72377009064806, -20.374807009903034 ], [ 57.72377009064806, -20.374896841431443 ], [ 57.723590427591233, -20.374896841431443 ], [ 57.723590427591233, -20.374986672959857 ], [ 57.72350059606282, -20.374986672959857 ], [ 57.72350059606282, -20.375076504488266 ], [ 57.723320933006001, -20.375076504488266 ], [ 57.723320933006001, -20.375166336016679 ], [ 57.723141269949174, -20.375166336016679 ], [ 57.723141269949174, -20.375256167545093 ], [ 57.722961606892348, -20.375256167545093 ], [ 57.722961606892348, -20.375345999073502 ], [ 57.722871775363942, -20.375345999073502 ], [ 57.722871775363942, -20.375435830601916 ], [ 57.722602280778702, -20.375435830601916 ], [ 57.722602280778702, -20.375525662130329 ], [ 57.722332786193469, -20.375525662130329 ], [ 57.722332786193469, -20.375615493658739 ], [ 57.721434470909344, -20.375615493658739 ], [ 57.721434470909344, -20.375705325187152 ], [ 57.720985313267285, -20.375705325187152 ], [ 57.720985313267285, -20.375795156715565 ], [ 57.720715818682052, -20.375795156715565 ], [ 57.720715818682052, -20.375884988243975 ], [ 57.720625987153639, -20.375884988243975 ], [ 57.720625987153639, -20.376064651300798 ], [ 57.720536155625226, -20.376064651300798 ], [ 57.720536155625226, -20.376154482829211 ], [ 57.720446324096812, -20.376154482829211 ], [ 57.720446324096812, -20.376334145886034 ], [ 57.720356492568406, -20.376334145886034 ], [ 57.720356492568406, -20.376423977414447 ], [ 57.720266661039993, -20.376423977414447 ], [ 57.720266661039993, -20.37651380894286 ], [ 57.72017682951158, -20.37651380894286 ], [ 57.72017682951158, -20.376693471999683 ], [ 57.720086997983167, -20.376693471999683 ], [ 57.720086997983167, -20.376783303528097 ], [ 57.719997166454753, -20.376783303528097 ], [ 57.719997166454753, -20.376962966584919 ], [ 57.719907334926347, -20.376962966584919 ], [ 57.719907334926347, -20.377052798113329 ], [ 57.719817503397934, -20.377052798113329 ], [ 57.719817503397934, -20.377142629641742 ], [ 57.719727671869521, -20.377142629641742 ], [ 57.719727671869521, -20.377322292698565 ], [ 57.719637840341107, -20.377322292698565 ], [ 57.719637840341107, -20.377412124226979 ], [ 57.719548008812694, -20.377412124226979 ], [ 57.719548008812694, -20.377501955755392 ], [ 57.719458177284281, -20.377501955755392 ], [ 57.719458177284281, -20.377681618812215 ], [ 57.719368345755875, -20.377681618812215 ], [ 57.719368345755875, -20.377771450340628 ], [ 57.719278514227462, -20.377771450340628 ], [ 57.719278514227462, -20.377951113397451 ], [ 57.719188682699048, -20.377951113397451 ], [ 57.719188682699048, -20.378040944925861 ], [ 57.719098851170635, -20.378040944925861 ], [ 57.719098851170635, -20.378130776454274 ], [ 57.719009019642222, -20.378130776454274 ], [ 57.719009019642222, -20.378310439511097 ], [ 57.718919188113816, -20.378310439511097 ], [ 57.718919188113816, -20.37840027103951 ], [ 57.718829356585402, -20.37840027103951 ], [ 57.718829356585402, -20.378579934096333 ], [ 57.718739525056989, -20.378579934096333 ], [ 57.718739525056989, -20.378669765624746 ], [ 57.718649693528576, -20.378669765624746 ], [ 57.718649693528576, -20.378759597153159 ], [ 57.718559862000163, -20.378759597153159 ], [ 57.718559862000163, -20.378939260209982 ], [ 57.71847003047175, -20.378939260209982 ], [ 57.71847003047175, -20.379029091738392 ], [ 57.718380198943343, -20.379029091738392 ], [ 57.718380198943343, -20.379118923266805 ], [ 57.71829036741493, -20.379118923266805 ], [ 57.71829036741493, -20.379298586323628 ], [ 57.718200535886517, -20.379298586323628 ], [ 57.718200535886517, -20.379388417852041 ], [ 57.718110704358104, -20.379388417852041 ], [ 57.718110704358104, -20.379568080908864 ], [ 57.71802087282969, -20.379568080908864 ], [ 57.71802087282969, -20.379657912437278 ], [ 57.717931041301284, -20.379657912437278 ], [ 57.717931041301284, -20.379747743965691 ], [ 57.717841209772871, -20.379747743965691 ], [ 57.717841209772871, -20.379927407022514 ], [ 57.717751378244458, -20.379927407022514 ], [ 57.717751378244458, -20.380017238550924 ], [ 57.717661546716045, -20.380017238550924 ], [ 57.717661546716045, -20.380107070079337 ], [ 57.717571715187631, -20.380107070079337 ], [ 57.717571715187631, -20.38028673313616 ], [ 57.717481883659218, -20.38028673313616 ], [ 57.717481883659218, -20.380376564664573 ], [ 57.717392052130812, -20.380376564664573 ], [ 57.717392052130812, -20.380556227721396 ], [ 57.717302220602399, -20.380556227721396 ], [ 57.717302220602399, -20.380646059249809 ], [ 57.717212389073985, -20.380646059249809 ], [ 57.717212389073985, -20.380735890778222 ], [ 57.717122557545572, -20.380735890778222 ], [ 57.717122557545572, -20.380915553835045 ], [ 57.717032726017159, -20.380915553835045 ], [ 57.717032726017159, -20.381005385363455 ], [ 57.716942894488753, -20.381005385363455 ], [ 57.716942894488753, -20.381185048420281 ], [ 57.71685306296034, -20.381185048420281 ], [ 57.71685306296034, -20.381274879948691 ], [ 57.716763231431926, -20.381274879948691 ], [ 57.716763231431926, -20.381364711477104 ], [ 57.716673399903513, -20.381364711477104 ], [ 57.716673399903513, -20.381544374533927 ], [ 57.7165835683751, -20.381544374533927 ], [ 57.7165835683751, -20.381634206062341 ], [ 57.716493736846687, -20.381634206062341 ], [ 57.716493736846687, -20.381724037590754 ], [ 57.71640390531828, -20.381724037590754 ], [ 57.71640390531828, -20.381903700647577 ], [ 57.716314073789867, -20.381903700647577 ], [ 57.716314073789867, -20.381993532175986 ], [ 57.716224242261454, -20.381993532175986 ], [ 57.716224242261454, -20.382173195232813 ], [ 57.716134410733041, -20.382173195232813 ], [ 57.716134410733041, -20.382263026761223 ], [ 57.716224242261454, -20.382263026761223 ], [ 57.716224242261454, -20.382352858289636 ], [ 57.71640390531828, -20.382352858289636 ], [ 57.71640390531828, -20.382442689818049 ], [ 57.7165835683751, -20.382442689818049 ], [ 57.7165835683751, -20.382532521346459 ], [ 57.71685306296034, -20.382532521346459 ], [ 57.71685306296034, -20.382622352874872 ], [ 57.717032726017159, -20.382622352874872 ], [ 57.717032726017159, -20.382712184403285 ], [ 57.717212389073985, -20.382712184403285 ], [ 57.717212389073985, -20.382802015931695 ], [ 57.717302220602399, -20.382802015931695 ], [ 57.717302220602399, -20.382891847460108 ], [ 57.717481883659218, -20.382891847460108 ], [ 57.717481883659218, -20.382981678988518 ], [ 57.717661546716045, -20.382981678988518 ], [ 57.717661546716045, -20.383071510516931 ], [ 57.717751378244458, -20.383071510516931 ], [ 57.717751378244458, -20.383161342045344 ], [ 57.717931041301284, -20.383161342045344 ], [ 57.717931041301284, -20.383251173573754 ], [ 57.71802087282969, -20.383251173573754 ], [ 57.71802087282969, -20.383341005102167 ], [ 57.718110704358104, -20.383341005102167 ], [ 57.718110704358104, -20.383430836630581 ], [ 57.718380198943343, -20.383430836630581 ], [ 57.718380198943343, -20.38352066815899 ], [ 57.718829356585402, -20.38352066815899 ], [ 57.718829356585402, -20.383610499687403 ], [ 57.719098851170635, -20.383610499687403 ], [ 57.719098851170635, -20.383700331215817 ], [ 57.719188682699048, -20.383700331215817 ], [ 57.719188682699048, -20.383790162744226 ], [ 57.719278514227462, -20.383790162744226 ], [ 57.719278514227462, -20.38387999427264 ], [ 57.719458177284281, -20.38387999427264 ], [ 57.719458177284281, -20.383969825801049 ], [ 57.719907334926347, -20.383969825801049 ], [ 57.719907334926347, -20.384059657329463 ], [ 57.720086997983167, -20.384059657329463 ], [ 57.720086997983167, -20.384149488857876 ], [ 57.72017682951158, -20.384149488857876 ], [ 57.72017682951158, -20.384239320386285 ], [ 57.720266661039993, -20.384239320386285 ], [ 57.720266661039993, -20.384329151914699 ], [ 57.720356492568406, -20.384329151914699 ], [ 57.720356492568406, -20.384508814971522 ], [ 57.720446324096812, -20.384508814971522 ], [ 57.720446324096812, -20.384598646499935 ], [ 57.720536155625226, -20.384598646499935 ], [ 57.720536155625226, -20.384688478028348 ], [ 57.720625987153639, -20.384688478028348 ], [ 57.720625987153639, -20.384868141085171 ], [ 57.720715818682052, -20.384868141085171 ], [ 57.720715818682052, -20.384957972613581 ], [ 57.720805650210465, -20.384957972613581 ], [ 57.720805650210465, -20.385047804141994 ], [ 57.720895481738879, -20.385047804141994 ], [ 57.720895481738879, -20.385137635670407 ], [ 57.720985313267285, -20.385137635670407 ], [ 57.720985313267285, -20.385227467198817 ], [ 57.721075144795698, -20.385227467198817 ], [ 57.721075144795698, -20.38531729872723 ], [ 57.721164976324111, -20.38531729872723 ], [ 57.721164976324111, -20.385407130255643 ], [ 57.721254807852524, -20.385407130255643 ], [ 57.721254807852524, -20.385586793312466 ], [ 57.721344639380938, -20.385586793312466 ], [ 57.721344639380938, -20.38567662484088 ], [ 57.721434470909344, -20.38567662484088 ], [ 57.721434470909344, -20.385766456369289 ], [ 57.721524302437757, -20.385766456369289 ], [ 57.721524302437757, -20.385946119426112 ], [ 57.72161413396617, -20.385946119426112 ], [ 57.72161413396617, -20.386035950954525 ], [ 57.721703965494584, -20.386035950954525 ], [ 57.721703965494584, -20.386215614011348 ], [ 57.721973460079816, -20.386215614011348 ], [ 57.721973460079816, -20.386305445539762 ], [ 57.722063291608229, -20.386305445539762 ], [ 57.722063291608229, -20.386395277068175 ], [ 57.722153123136643, -20.386395277068175 ], [ 57.722153123136643, -20.386485108596585 ], [ 57.722242954665056, -20.386485108596585 ], [ 57.722242954665056, -20.386574940124998 ], [ 57.722332786193469, -20.386574940124998 ], [ 57.722332786193469, -20.386664771653411 ], [ 57.722512449250289, -20.386664771653411 ], [ 57.722512449250289, -20.386754603181821 ], [ 57.722602280778702, -20.386754603181821 ], [ 57.722602280778702, -20.386844434710234 ], [ 57.722692112307115, -20.386844434710234 ], [ 57.722692112307115, -20.386934266238644 ], [ 57.722961606892348, -20.386934266238644 ], [ 57.722961606892348, -20.387024097767057 ], [ 57.723141269949174, -20.387024097767057 ], [ 57.723141269949174, -20.38720376082388 ], [ 57.723231101477587, -20.38720376082388 ], [ 57.723231101477587, -20.387652918465943 ], [ 57.723320933006001, -20.387652918465943 ], [ 57.723320933006001, -20.387922413051175 ], [ 57.723410764534407, -20.387922413051175 ], [ 57.723410764534407, -20.388281739164825 ], [ 57.72350059606282, -20.388281739164825 ], [ 57.72350059606282, -20.388461402221647 ], [ 57.723590427591233, -20.388461402221647 ], [ 57.723590427591233, -20.388641065278474 ], [ 57.723680259119647, -20.388641065278474 ], [ 57.723680259119647, -20.388730896806884 ], [ 57.723859922176473, -20.388730896806884 ], [ 57.723859922176473, -20.388820728335297 ], [ 57.724129416761706, -20.388820728335297 ], [ 57.724129416761706, -20.388730896806884 ], [ 57.724398911346938, -20.388730896806884 ], [ 57.724398911346938, -20.388641065278474 ], [ 57.724578574403765, -20.388641065278474 ], [ 57.724578574403765, -20.388730896806884 ], [ 57.724668405932178, -20.388730896806884 ], [ 57.724668405932178, -20.385407130255643 ], [ 57.724578574403765, -20.385407130255643 ], [ 57.724578574403765, -20.385766456369289 ], [ 57.724488742875351, -20.385766456369289 ], [ 57.724488742875351, -20.385586793312466 ], [ 57.724398911346938, -20.385586793312466 ], [ 57.724398911346938, -20.38531729872723 ], [ 57.724488742875351, -20.38531729872723 ], [ 57.724488742875351, -20.385137635670407 ], [ 57.724578574403765, -20.385137635670407 ], [ 57.724578574403765, -20.38531729872723 ], [ 57.724668405932178, -20.38531729872723 ], [ 57.724668405932178, -20.384059657329463 ], [ 57.724758237460591, -20.384059657329463 ], [ 57.724758237460591, -20.38352066815899 ], [ 57.724848068989004, -20.38352066815899 ], [ 57.724848068989004, -20.383071510516931 ], [ 57.724937900517411, -20.383071510516931 ], [ 57.724937900517411, -20.382981678988518 ], [ 57.725027732045824, -20.382981678988518 ], [ 57.725027732045824, -20.382891847460108 ], [ 57.725117563574237, -20.382891847460108 ], [ 57.725117563574237, -20.382802015931695 ], [ 57.72520739510265, -20.382802015931695 ], [ 57.72520739510265, -20.382712184403285 ], [ 57.725297226631064, -20.382712184403285 ], [ 57.725297226631064, -20.382622352874872 ], [ 57.72538705815947, -20.382622352874872 ], [ 57.72538705815947, -20.382532521346459 ], [ 57.725476889687883, -20.382532521346459 ], [ 57.725476889687883, -20.382442689818049 ], [ 57.725656552744709, -20.382442689818049 ], [ 57.725656552744709, -20.382352858289636 ], [ 57.725836215801536, -20.382352858289636 ], [ 57.725836215801536, -20.382263026761223 ], [ 57.726105710386769, -20.382263026761223 ], [ 57.726105710386769, -20.382173195232813 ], [ 57.727273520256126, -20.382173195232813 ], [ 57.727273520256126, -20.382263026761223 ], [ 57.727543014841359, -20.382263026761223 ], [ 57.727543014841359, -20.382352858289636 ], [ 57.727722677898186, -20.382352858289636 ], [ 57.727722677898186, -20.382442689818049 ], [ 57.727902340955005, -20.382442689818049 ], [ 57.727902340955005, -20.382532521346459 ], [ 57.728082004011831, -20.382532521346459 ], [ 57.728082004011831, -20.382622352874872 ], [ 57.728261667068658, -20.382622352874872 ], [ 57.728261667068658, -20.382712184403285 ], [ 57.728531161653891, -20.382712184403285 ], [ 57.728531161653891, -20.382802015931695 ], [ 57.728710824710717, -20.382802015931695 ], [ 57.728710824710717, -20.382891847460108 ], [ 57.728890487767536, -20.382891847460108 ], [ 57.728890487767536, -20.382981678988518 ], [ 57.729070150824363, -20.382981678988518 ], [ 57.729070150824363, -20.383071510516931 ], [ 57.729339645409596, -20.383071510516931 ], [ 57.729339645409596, -20.383161342045344 ], [ 57.729519308466422, -20.383161342045344 ], [ 57.729519308466422, -20.383251173573754 ], [ 57.729698971523248, -20.383251173573754 ], [ 57.729698971523248, -20.383341005102167 ], [ 57.730237960693721, -20.383341005102167 ], [ 57.730237960693721, -20.383251173573754 ], [ 57.73041762375054, -20.383251173573754 ], [ 57.73041762375054, -20.383161342045344 ], [ 57.730597286807367, -20.383161342045344 ], [ 57.730597286807367, -20.383071510516931 ], [ 57.73068711833578, -20.383071510516931 ], [ 57.73068711833578, -20.382981678988518 ], [ 57.730776949864193, -20.382981678988518 ], [ 57.730776949864193, -20.382891847460108 ], [ 57.730956612921013, -20.382891847460108 ], [ 57.730956612921013, -20.382802015931695 ], [ 57.731046444449426, -20.382802015931695 ], [ 57.731046444449426, -20.382712184403285 ], [ 57.731136275977839, -20.382712184403285 ], [ 57.731136275977839, -20.382622352874872 ], [ 57.731585433619898, -20.382622352874872 ], [ 57.731585433619898, -20.382532521346459 ], [ 57.731675265148311, -20.382532521346459 ], [ 57.731675265148311, -20.382622352874872 ], [ 57.731765096676725, -20.382622352874872 ], [ 57.731765096676725, -20.382712184403285 ], [ 57.732214254318784, -20.382712184403285 ], [ 57.732214254318784, -20.382622352874872 ], [ 57.732843075017662, -20.382622352874872 ], [ 57.732843075017662, -20.382712184403285 ], [ 57.733112569602902, -20.382712184403285 ], [ 57.733112569602902, -20.382802015931695 ], [ 57.733471895716548, -20.382802015931695 ], [ 57.733471895716548, -20.382891847460108 ], [ 57.733921053358607, -20.382891847460108 ], [ 57.733921053358607, -20.382981678988518 ], [ 57.734729537114319, -20.382981678988518 ], [ 57.734729537114319, -20.383071510516931 ], [ 57.735178694756378, -20.383071510516931 ], [ 57.735178694756378, -20.382981678988518 ], [ 57.735448189341611, -20.382981678988518 ], [ 57.735448189341611, -20.383071510516931 ], [ 57.735627852398437, -20.383071510516931 ], [ 57.735627852398437, -20.382981678988518 ], [ 57.73589734698367, -20.382981678988518 ], [ 57.73589734698367, -20.382891847460108 ], [ 57.73616684156891, -20.382891847460108 ], [ 57.73616684156891, -20.382712184403285 ], [ 57.736256673097323, -20.382712184403285 ], [ 57.736256673097323, -20.382532521346459 ], [ 57.736436336154142, -20.382532521346459 ], [ 57.736436336154142, -20.382622352874872 ], [ 57.736526167682555, -20.382622352874872 ], [ 57.736526167682555, -20.382532521346459 ], [ 57.736885493796201, -20.382532521346459 ], [ 57.736885493796201, -20.382622352874872 ], [ 57.737065156853028, -20.382622352874872 ], [ 57.737065156853028, -20.382712184403285 ], [ 57.737154988381441, -20.382712184403285 ], [ 57.737154988381441, -20.382802015931695 ], [ 57.737424482966674, -20.382802015931695 ], [ 57.737424482966674, -20.382891847460108 ], [ 57.7376041460235, -20.382891847460108 ], [ 57.7376041460235, -20.382981678988518 ], [ 57.737963472137146, -20.382981678988518 ], [ 57.737963472137146, -20.382891847460108 ], [ 57.738412629779205, -20.382891847460108 ], [ 57.738412629779205, -20.382981678988518 ], [ 57.738502461307618, -20.382981678988518 ], [ 57.738502461307618, -20.383071510516931 ], [ 57.738592292836032, -20.383071510516931 ], [ 57.738592292836032, -20.382981678988518 ], [ 57.738682124364445, -20.382981678988518 ], [ 57.738682124364445, -20.383251173573754 ], [ 57.738771955892851, -20.383251173573754 ], [ 57.738771955892851, -20.383341005102167 ], [ 57.738861787421264, -20.383341005102167 ], [ 57.738861787421264, -20.383430836630581 ], [ 57.739221113534917, -20.383430836630581 ], [ 57.739221113534917, -20.383341005102167 ], [ 57.739310945063323, -20.383341005102167 ], [ 57.739310945063323, -20.383430836630581 ], [ 57.739580439648563, -20.383430836630581 ], [ 57.739580439648563, -20.38352066815899 ], [ 57.739849934233796, -20.38352066815899 ], [ 57.739849934233796, -20.383610499687403 ], [ 57.740209260347449, -20.383610499687403 ], [ 57.740209260347449, -20.383700331215817 ], [ 57.740568586461094, -20.383700331215817 ], [ 57.740568586461094, -20.383790162744226 ], [ 57.740658417989508, -20.383790162744226 ], [ 57.740658417989508, -20.38387999427264 ], [ 57.74092791257474, -20.38387999427264 ], [ 57.74092791257474, -20.383969825801049 ], [ 57.74119740715998, -20.383969825801049 ], [ 57.74119740715998, -20.384059657329463 ], [ 57.741556733273626, -20.384059657329463 ], [ 57.741556733273626, -20.384149488857876 ], [ 57.741826227858859, -20.384149488857876 ], [ 57.741826227858859, -20.384239320386285 ], [ 57.741916059387272, -20.384239320386285 ], [ 57.741916059387272, -20.383969825801049 ], [ 57.742005890915685, -20.383969825801049 ], [ 57.742005890915685, -20.38387999427264 ], [ 57.742095722444098, -20.38387999427264 ], [ 57.742095722444098, -20.383790162744226 ], [ 57.742275385500918, -20.383790162744226 ], [ 57.742275385500918, -20.383700331215817 ], [ 57.742365217029331, -20.383700331215817 ], [ 57.742365217029331, -20.383341005102167 ], [ 57.742185553972512, -20.383341005102167 ], [ 57.742185553972512, -20.383430836630581 ], [ 57.742005890915685, -20.383430836630581 ], [ 57.742005890915685, -20.383341005102167 ], [ 57.741916059387272, -20.383341005102167 ], [ 57.741916059387272, -20.383161342045344 ], [ 57.741736396330445, -20.383161342045344 ], [ 57.741736396330445, -20.383071510516931 ], [ 57.741556733273626, -20.383071510516931 ], [ 57.741556733273626, -20.382981678988518 ], [ 57.741466901745213, -20.382981678988518 ], [ 57.741466901745213, -20.382802015931695 ], [ 57.741377070216799, -20.382802015931695 ], [ 57.741377070216799, -20.382712184403285 ], [ 57.74119740715998, -20.382712184403285 ], [ 57.74119740715998, -20.382622352874872 ], [ 57.741107575631567, -20.382622352874872 ], [ 57.741107575631567, -20.382532521346459 ], [ 57.741017744103154, -20.382532521346459 ], [ 57.741017744103154, -20.382442689818049 ], [ 57.74092791257474, -20.382442689818049 ], [ 57.74092791257474, -20.382352858289636 ], [ 57.740838081046327, -20.382352858289636 ], [ 57.740838081046327, -20.382263026761223 ], [ 57.740748249517914, -20.382263026761223 ], [ 57.740748249517914, -20.382173195232813 ], [ 57.740568586461094, -20.382173195232813 ], [ 57.740568586461094, -20.3820833637044 ], [ 57.740478754932681, -20.3820833637044 ], [ 57.740478754932681, -20.381993532175986 ], [ 57.740388923404268, -20.381993532175986 ], [ 57.740388923404268, -20.381903700647577 ], [ 57.740119428819035, -20.381903700647577 ], [ 57.740119428819035, -20.381813869119163 ], [ 57.739760102705382, -20.381813869119163 ], [ 57.739760102705382, -20.381724037590754 ], [ 57.739670271176976, -20.381724037590754 ], [ 57.739670271176976, -20.381634206062341 ], [ 57.73949060812015, -20.381634206062341 ], [ 57.73949060812015, -20.381544374533927 ], [ 57.739400776591737, -20.381544374533927 ], [ 57.739400776591737, -20.381454543005518 ], [ 57.739310945063323, -20.381454543005518 ], [ 57.739310945063323, -20.381364711477104 ], [ 57.738951618949677, -20.381364711477104 ], [ 57.738951618949677, -20.381274879948691 ], [ 57.738592292836032, -20.381274879948691 ], [ 57.738592292836032, -20.381185048420281 ], [ 57.738322798250792, -20.381185048420281 ], [ 57.738322798250792, -20.381095216891868 ], [ 57.738232966722386, -20.381095216891868 ], [ 57.738232966722386, -20.381364711477104 ], [ 57.738143135193972, -20.381364711477104 ], [ 57.738143135193972, -20.381454543005518 ], [ 57.738053303665559, -20.381454543005518 ], [ 57.738053303665559, -20.381544374533927 ], [ 57.737963472137146, -20.381544374533927 ], [ 57.737963472137146, -20.381634206062341 ], [ 57.737783809080319, -20.381634206062341 ], [ 57.737783809080319, -20.381724037590754 ], [ 57.737424482966674, -20.381724037590754 ], [ 57.737424482966674, -20.381634206062341 ], [ 57.737244819909854, -20.381634206062341 ], [ 57.737244819909854, -20.381724037590754 ], [ 57.736705830739382, -20.381724037590754 ], [ 57.736705830739382, -20.381634206062341 ], [ 57.736615999210969, -20.381634206062341 ], [ 57.736615999210969, -20.381724037590754 ], [ 57.736436336154142, -20.381724037590754 ], [ 57.736436336154142, -20.381813869119163 ], [ 57.736346504625729, -20.381813869119163 ], [ 57.736346504625729, -20.381993532175986 ], [ 57.736256673097323, -20.381993532175986 ], [ 57.736256673097323, -20.381903700647577 ], [ 57.73616684156891, -20.381903700647577 ], [ 57.73616684156891, -20.381634206062341 ], [ 57.735987178512083, -20.381634206062341 ], [ 57.735987178512083, -20.381544374533927 ], [ 57.736077010040496, -20.381544374533927 ], [ 57.736077010040496, -20.381454543005518 ], [ 57.735538020870024, -20.381454543005518 ], [ 57.735538020870024, -20.381544374533927 ], [ 57.73571768392685, -20.381544374533927 ], [ 57.73571768392685, -20.381724037590754 ], [ 57.735538020870024, -20.381724037590754 ], [ 57.735538020870024, -20.381634206062341 ], [ 57.735268526284791, -20.381634206062341 ], [ 57.735268526284791, -20.381544374533927 ], [ 57.735088863227965, -20.381544374533927 ], [ 57.735088863227965, -20.381454543005518 ], [ 57.734999031699552, -20.381454543005518 ], [ 57.734999031699552, -20.381274879948691 ], [ 57.734909200171138, -20.381274879948691 ], [ 57.734909200171138, -20.380915553835045 ], [ 57.734999031699552, -20.380915553835045 ], [ 57.734999031699552, -20.381005385363455 ], [ 57.735358357813197, -20.381005385363455 ], [ 57.735358357813197, -20.380915553835045 ], [ 57.735448189341611, -20.380915553835045 ], [ 57.735448189341611, -20.381005385363455 ], [ 57.735538020870024, -20.381005385363455 ], [ 57.735538020870024, -20.380915553835045 ], [ 57.735627852398437, -20.380915553835045 ], [ 57.735627852398437, -20.380735890778222 ], [ 57.73571768392685, -20.380735890778222 ], [ 57.73571768392685, -20.380646059249809 ], [ 57.73589734698367, -20.380646059249809 ], [ 57.73589734698367, -20.380556227721396 ], [ 57.736077010040496, -20.380556227721396 ], [ 57.736077010040496, -20.380646059249809 ], [ 57.735987178512083, -20.380646059249809 ], [ 57.735987178512083, -20.381005385363455 ], [ 57.73616684156891, -20.381005385363455 ], [ 57.73616684156891, -20.380556227721396 ], [ 57.736256673097323, -20.380556227721396 ], [ 57.736256673097323, -20.380466396192986 ], [ 57.736346504625729, -20.380466396192986 ], [ 57.736346504625729, -20.380825722306632 ], [ 57.736526167682555, -20.380825722306632 ], [ 57.736526167682555, -20.380735890778222 ], [ 57.736615999210969, -20.380735890778222 ], [ 57.736615999210969, -20.380825722306632 ], [ 57.736705830739382, -20.380825722306632 ], [ 57.736705830739382, -20.380735890778222 ], [ 57.736795662267788, -20.380735890778222 ], [ 57.736795662267788, -20.380556227721396 ], [ 57.736615999210969, -20.380556227721396 ], [ 57.736615999210969, -20.380466396192986 ], [ 57.736526167682555, -20.380466396192986 ], [ 57.736526167682555, -20.380376564664573 ], [ 57.736615999210969, -20.380376564664573 ], [ 57.736615999210969, -20.38028673313616 ], [ 57.736705830739382, -20.38028673313616 ], [ 57.736705830739382, -20.380107070079337 ], [ 57.737244819909854, -20.380107070079337 ], [ 57.737244819909854, -20.38019690160775 ], [ 57.73733465143826, -20.38019690160775 ], [ 57.73733465143826, -20.38028673313616 ], [ 57.737514314495087, -20.38028673313616 ], [ 57.737514314495087, -20.380466396192986 ], [ 57.7376041460235, -20.380466396192986 ], [ 57.7376041460235, -20.381005385363455 ], [ 57.737873640608733, -20.381005385363455 ], [ 57.737873640608733, -20.380915553835045 ], [ 57.737783809080319, -20.380915553835045 ], [ 57.737783809080319, -20.380825722306632 ], [ 57.737873640608733, -20.380825722306632 ], [ 57.737873640608733, -20.380735890778222 ], [ 57.737963472137146, -20.380735890778222 ], [ 57.737963472137146, -20.380915553835045 ], [ 57.738053303665559, -20.380915553835045 ], [ 57.738053303665559, -20.381005385363455 ], [ 57.738682124364445, -20.381005385363455 ], [ 57.738682124364445, -20.380915553835045 ], [ 57.738861787421264, -20.380915553835045 ], [ 57.738861787421264, -20.380825722306632 ], [ 57.738951618949677, -20.380825722306632 ], [ 57.738951618949677, -20.380735890778222 ], [ 57.739221113534917, -20.380735890778222 ], [ 57.739221113534917, -20.380646059249809 ], [ 57.73949060812015, -20.380646059249809 ], [ 57.73949060812015, -20.380556227721396 ], [ 57.739580439648563, -20.380556227721396 ], [ 57.739580439648563, -20.38019690160775 ], [ 57.739670271176976, -20.38019690160775 ], [ 57.739670271176976, -20.380107070079337 ], [ 57.740119428819035, -20.380107070079337 ], [ 57.740119428819035, -20.38019690160775 ], [ 57.740299091875855, -20.38019690160775 ], [ 57.740299091875855, -20.38028673313616 ], [ 57.740478754932681, -20.38028673313616 ], [ 57.740478754932681, -20.380376564664573 ], [ 57.740568586461094, -20.380376564664573 ], [ 57.740568586461094, -20.380466396192986 ], [ 57.740748249517914, -20.380466396192986 ], [ 57.740748249517914, -20.380646059249809 ], [ 57.740838081046327, -20.380646059249809 ], [ 57.740838081046327, -20.380735890778222 ], [ 57.74092791257474, -20.380735890778222 ], [ 57.74092791257474, -20.380646059249809 ], [ 57.74119740715998, -20.380646059249809 ], [ 57.74119740715998, -20.380556227721396 ], [ 57.741377070216799, -20.380556227721396 ], [ 57.741377070216799, -20.380466396192986 ], [ 57.741466901745213, -20.380466396192986 ], [ 57.741466901745213, -20.38028673313616 ], [ 57.741646564802039, -20.38028673313616 ], [ 57.741646564802039, -20.379927407022514 ], [ 57.741826227858859, -20.379927407022514 ], [ 57.741826227858859, -20.380017238550924 ], [ 57.741916059387272, -20.380017238550924 ], [ 57.741916059387272, -20.379927407022514 ], [ 57.742005890915685, -20.379927407022514 ], [ 57.742005890915685, -20.379837575494101 ], [ 57.742365217029331, -20.379837575494101 ], [ 57.742365217029331, -20.379927407022514 ], [ 57.742634711614571, -20.379927407022514 ], [ 57.742634711614571, -20.380017238550924 ], [ 57.74281437467139, -20.380017238550924 ], [ 57.74281437467139, -20.380107070079337 ], [ 57.743263532313449, -20.380107070079337 ], [ 57.743263532313449, -20.38019690160775 ], [ 57.743622858427102, -20.38019690160775 ], [ 57.743622858427102, -20.38028673313616 ], [ 57.743982184540748, -20.38028673313616 ], [ 57.743982184540748, -20.38019690160775 ], [ 57.74452117371122, -20.38019690160775 ], [ 57.74452117371122, -20.380107070079337 ], [ 57.744611005239634, -20.380107070079337 ], [ 57.744611005239634, -20.380017238550924 ], [ 57.74470083676804, -20.380017238550924 ], [ 57.74470083676804, -20.379927407022514 ], [ 57.745060162881693, -20.379927407022514 ], [ 57.745060162881693, -20.379837575494101 ], [ 57.745419488995338, -20.379837575494101 ], [ 57.745419488995338, -20.379927407022514 ], [ 57.745599152052165, -20.379927407022514 ], [ 57.745599152052165, -20.380017238550924 ], [ 57.745688983580571, -20.380017238550924 ], [ 57.745688983580571, -20.380107070079337 ], [ 57.74640763580787, -20.380107070079337 ], [ 57.74640763580787, -20.38019690160775 ], [ 57.746856793449929, -20.38019690160775 ], [ 57.746856793449929, -20.380107070079337 ], [ 57.747395782620401, -20.380107070079337 ], [ 57.747395782620401, -20.380017238550924 ], [ 57.747575445677228, -20.380017238550924 ], [ 57.747575445677228, -20.379927407022514 ], [ 57.747755108734047, -20.379927407022514 ], [ 57.747755108734047, -20.379837575494101 ], [ 57.747934771790874, -20.379837575494101 ], [ 57.747934771790874, -20.379747743965691 ], [ 57.748024603319287, -20.379747743965691 ], [ 57.748024603319287, -20.379657912437278 ], [ 57.7481144348477, -20.379657912437278 ], [ 57.7481144348477, -20.379478249380455 ], [ 57.748204266376106, -20.379478249380455 ], [ 57.748204266376106, -20.378939260209982 ], [ 57.7481144348477, -20.378939260209982 ], [ 57.7481144348477, -20.378669765624746 ], [ 57.748024603319287, -20.378669765624746 ], [ 57.748024603319287, -20.378490102567923 ], [ 57.747934771790874, -20.378490102567923 ], [ 57.747934771790874, -20.37840027103951 ], [ 57.747844940262461, -20.37840027103951 ], [ 57.747844940262461, -20.378310439511097 ], [ 57.747755108734047, -20.378310439511097 ], [ 57.747755108734047, -20.378220607982687 ], [ 57.747665277205634, -20.378220607982687 ], [ 57.747665277205634, -20.378130776454274 ], [ 57.747575445677228, -20.378130776454274 ], [ 57.747575445677228, -20.378040944925861 ], [ 57.747485614148815, -20.378040944925861 ], [ 57.747485614148815, -20.377951113397451 ], [ 57.747395782620401, -20.377951113397451 ], [ 57.747395782620401, -20.377861281869038 ], [ 57.747305951091988, -20.377861281869038 ], [ 57.747305951091988, -20.377771450340628 ], [ 57.747216119563575, -20.377771450340628 ], [ 57.747216119563575, -20.377681618812215 ], [ 57.747126288035169, -20.377681618812215 ], [ 57.747126288035169, -20.377591787283801 ], [ 57.747036456506756, -20.377591787283801 ], [ 57.747036456506756, -20.377501955755392 ], [ 57.746946624978342, -20.377501955755392 ], [ 57.746946624978342, -20.377322292698565 ], [ 57.746856793449929, -20.377322292698565 ], [ 57.746856793449929, -20.377232461170156 ], [ 57.746766961921516, -20.377232461170156 ], [ 57.746766961921516, -20.377142629641742 ], [ 57.746677130393103, -20.377142629641742 ], [ 57.746677130393103, -20.377052798113329 ], [ 57.746587298864696, -20.377052798113329 ], [ 57.746587298864696, -20.376962966584919 ], [ 57.746497467336283, -20.376962966584919 ], [ 57.746497467336283, -20.376873135056506 ], [ 57.74640763580787, -20.376873135056506 ], [ 57.74640763580787, -20.376783303528097 ], [ 57.746317804279457, -20.376783303528097 ], [ 57.746317804279457, -20.376693471999683 ], [ 57.746227972751043, -20.376693471999683 ], [ 57.746227972751043, -20.37660364047127 ], [ 57.746138141222637, -20.37660364047127 ], [ 57.746138141222637, -20.37651380894286 ], [ 57.745958478165811, -20.37651380894286 ], [ 57.745958478165811, -20.376423977414447 ], [ 57.745868646637398, -20.376423977414447 ], [ 57.745868646637398, -20.376334145886034 ], [ 57.745778815108984, -20.376334145886034 ], [ 57.745778815108984, -20.376154482829211 ], [ 57.745599152052165, -20.376154482829211 ], [ 57.745599152052165, -20.376064651300798 ], [ 57.745419488995338, -20.376064651300798 ], [ 57.745419488995338, -20.375974819772388 ], [ 57.745329657466925, -20.375974819772388 ], [ 57.745329657466925, -20.375884988243975 ], [ 57.745149994410106, -20.375884988243975 ], [ 57.745149994410106, -20.375795156715565 ], [ 57.745060162881693, -20.375795156715565 ], [ 57.745060162881693, -20.375705325187152 ], [ 57.744880499824866, -20.375705325187152 ], [ 57.744880499824866, -20.375615493658739 ], [ 57.744790668296453, -20.375615493658739 ], [ 57.744790668296453, -20.375525662130329 ], [ 57.74470083676804, -20.375525662130329 ], [ 57.74470083676804, -20.375435830601916 ], [ 57.74452117371122, -20.375435830601916 ], [ 57.74452117371122, -20.375345999073502 ], [ 57.744431342182807, -20.375345999073502 ], [ 57.744431342182807, -20.375256167545093 ], [ 57.744341510654394, -20.375256167545093 ], [ 57.744341510654394, -20.375166336016679 ], [ 57.744251679125981, -20.375166336016679 ], [ 57.744251679125981, -20.375076504488266 ], [ 57.744072016069161, -20.375076504488266 ], [ 57.744072016069161, -20.374986672959857 ], [ 57.743982184540748, -20.374986672959857 ], [ 57.743982184540748, -20.374896841431443 ], [ 57.743892353012335, -20.374896841431443 ], [ 57.743892353012335, -20.374807009903034 ], [ 57.743802521483921, -20.374807009903034 ], [ 57.743802521483921, -20.37471717837462 ], [ 57.743533026898689, -20.37471717837462 ], [ 57.743533026898689, -20.374627346846207 ], [ 57.743443195370276, -20.374627346846207 ], [ 57.743443195370276, -20.374447683789384 ], [ 57.743353363841862, -20.374447683789384 ], [ 57.743353363841862, -20.374268020732561 ], [ 57.743263532313449, -20.374268020732561 ], [ 57.743263532313449, -20.374088357675735 ], [ 57.743173700785043, -20.374088357675735 ], [ 57.743173700785043, -20.373998526147325 ], [ 57.74308386925663, -20.373998526147325 ], [ 57.74308386925663, -20.373908694618912 ], [ 57.742994037728216, -20.373908694618912 ], [ 57.742994037728216, -20.373818863090502 ], [ 57.742904206199803, -20.373818863090502 ], [ 57.742904206199803, -20.373729031562089 ], [ 57.74281437467139, -20.373729031562089 ], [ 57.74281437467139, -20.373639200033676 ], [ 57.742724543142977, -20.373639200033676 ], [ 57.742724543142977, -20.373459536976853 ], [ 57.742634711614571, -20.373459536976853 ], [ 57.742634711614571, -20.37336970544844 ], [ 57.742544880086157, -20.37336970544844 ], [ 57.742544880086157, -20.37327987392003 ], [ 57.742455048557744, -20.37327987392003 ], [ 57.742455048557744, -20.373100210863203 ], [ 57.742365217029331, -20.373100210863203 ], [ 57.742365217029331, -20.373010379334794 ], [ 57.742275385500918, -20.373010379334794 ], [ 57.742275385500918, -20.37292054780638 ], [ 57.742185553972512, -20.37292054780638 ], [ 57.742185553972512, -20.372740884749557 ], [ 57.742095722444098, -20.372740884749557 ], [ 57.742095722444098, -20.372651053221144 ], [ 57.742005890915685, -20.372651053221144 ], [ 57.742005890915685, -20.372471390164321 ], [ 57.741916059387272, -20.372471390164321 ], [ 57.741916059387272, -20.372022232522262 ], [ 57.742005890915685, -20.372022232522262 ], [ 57.742005890915685, -20.371932400993849 ], [ 57.742095722444098, -20.371932400993849 ], [ 57.742095722444098, -20.371842569465436 ], [ 57.742185553972512, -20.371842569465436 ], [ 57.742185553972512, -20.371752737937026 ], [ 57.742275385500918, -20.371752737937026 ], [ 57.742275385500918, -20.371662906408613 ], [ 57.742365217029331, -20.371662906408613 ], [ 57.742365217029331, -20.371573074880203 ], [ 57.742455048557744, -20.371573074880203 ], [ 57.742455048557744, -20.37148324335179 ], [ 57.742634711614571, -20.37148324335179 ], [ 57.742634711614571, -20.371393411823377 ], [ 57.742724543142977, -20.371393411823377 ], [ 57.742724543142977, -20.371303580294967 ], [ 57.74281437467139, -20.371303580294967 ], [ 57.74281437467139, -20.371213748766554 ], [ 57.742904206199803, -20.371213748766554 ], [ 57.742904206199803, -20.37112391723814 ], [ 57.742994037728216, -20.37112391723814 ], [ 57.742994037728216, -20.370944254181317 ], [ 57.74308386925663, -20.370944254181317 ], [ 57.74308386925663, -20.370854422652904 ], [ 57.743173700785043, -20.370854422652904 ], [ 57.743173700785043, -20.370764591124495 ], [ 57.743353363841862, -20.370764591124495 ], [ 57.743353363841862, -20.370674759596081 ], [ 57.743443195370276, -20.370674759596081 ], [ 57.743443195370276, -20.370584928067672 ], [ 57.743533026898689, -20.370584928067672 ], [ 57.743533026898689, -20.370495096539258 ], [ 57.743622858427102, -20.370495096539258 ], [ 57.743622858427102, -20.370405265010845 ], [ 57.743712689955508, -20.370405265010845 ], [ 57.743712689955508, -20.370315433482435 ], [ 57.743802521483921, -20.370315433482435 ], [ 57.743802521483921, -20.370225601954022 ], [ 57.743892353012335, -20.370225601954022 ], [ 57.743892353012335, -20.370135770425609 ], [ 57.743982184540748, -20.370135770425609 ], [ 57.743982184540748, -20.370045938897199 ], [ 57.744072016069161, -20.370045938897199 ], [ 57.744072016069161, -20.369956107368786 ], [ 57.744161847597574, -20.369956107368786 ], [ 57.744161847597574, -20.369866275840373 ], [ 57.744251679125981, -20.369866275840373 ], [ 57.744251679125981, -20.36968661278355 ], [ 57.744341510654394, -20.36968661278355 ], [ 57.744341510654394, -20.36959678125514 ], [ 57.744431342182807, -20.36959678125514 ], [ 57.744431342182807, -20.369506949726727 ], [ 57.744611005239634, -20.369506949726727 ], [ 57.744611005239634, -20.369417118198314 ], [ 57.74470083676804, -20.369417118198314 ], [ 57.74470083676804, -20.369327286669904 ], [ 57.744790668296453, -20.369327286669904 ], [ 57.744790668296453, -20.369147623613078 ], [ 57.744880499824866, -20.369147623613078 ], [ 57.744880499824866, -20.369057792084668 ], [ 57.744970331353279, -20.369057792084668 ], [ 57.744970331353279, -20.368967960556255 ], [ 57.745239825938512, -20.368967960556255 ], [ 57.745239825938512, -20.368878129027841 ], [ 57.745419488995338, -20.368878129027841 ], [ 57.745419488995338, -20.368698465971018 ], [ 57.745599152052165, -20.368698465971018 ], [ 57.745599152052165, -20.368608634442609 ], [ 57.745778815108984, -20.368608634442609 ], [ 57.745778815108984, -20.368518802914195 ], [ 57.745868646637398, -20.368518802914195 ], [ 57.745868646637398, -20.368428971385782 ], [ 57.746048309694224, -20.368428971385782 ], [ 57.746048309694224, -20.368339139857373 ], [ 57.746138141222637, -20.368339139857373 ], [ 57.746138141222637, -20.368249308328959 ], [ 57.746227972751043, -20.368249308328959 ], [ 57.746227972751043, -20.368159476800546 ], [ 57.746317804279457, -20.368159476800546 ], [ 57.746317804279457, -20.367979813743723 ], [ 57.746497467336283, -20.367979813743723 ], [ 57.746497467336283, -20.36788998221531 ], [ 57.746587298864696, -20.36788998221531 ], [ 57.746587298864696, -20.3678001506869 ], [ 57.746677130393103, -20.3678001506869 ], [ 57.746677130393103, -20.367710319158487 ], [ 57.746766961921516, -20.367710319158487 ], [ 57.746766961921516, -20.367620487630077 ], [ 57.746856793449929, -20.367620487630077 ], [ 57.746856793449929, -20.367530656101664 ], [ 57.746946624978342, -20.367530656101664 ], [ 57.746946624978342, -20.367440824573251 ], [ 57.747126288035169, -20.367440824573251 ], [ 57.747126288035169, -20.367350993044841 ], [ 57.747485614148815, -20.367350993044841 ], [ 57.747485614148815, -20.367440824573251 ], [ 57.747575445677228, -20.367440824573251 ], [ 57.747575445677228, -20.367530656101664 ], [ 57.747665277205634, -20.367530656101664 ], [ 57.747665277205634, -20.367620487630077 ], [ 57.747844940262461, -20.367620487630077 ], [ 57.747844940262461, -20.367710319158487 ], [ 57.7481144348477, -20.367710319158487 ], [ 57.7481144348477, -20.3678001506869 ], [ 57.74829409790452, -20.3678001506869 ], [ 57.74829409790452, -20.36788998221531 ], [ 57.748653424018165, -20.36788998221531 ], [ 57.748653424018165, -20.367979813743723 ], [ 57.749192413188638, -20.367979813743723 ], [ 57.749192413188638, -20.36788998221531 ], [ 57.749282244717051, -20.36788998221531 ], [ 57.749282244717051, -20.3678001506869 ], [ 57.749372076245464, -20.3678001506869 ], [ 57.749372076245464, -20.367710319158487 ], [ 57.749461907773878, -20.367710319158487 ], [ 57.749461907773878, -20.367620487630077 ], [ 57.749551739302291, -20.367620487630077 ], [ 57.749551739302291, -20.367530656101664 ], [ 57.749821233887523, -20.367530656101664 ], [ 57.749821233887523, -20.367440824573251 ], [ 57.751258538342114, -20.367440824573251 ], [ 57.751258538342114, -20.367530656101664 ], [ 57.751797527512586, -20.367530656101664 ], [ 57.751797527512586, -20.367350993044841 ], [ 57.751887359041, -20.367350993044841 ], [ 57.751887359041, -20.366901835402778 ], [ 57.751797527512586, -20.366901835402778 ], [ 57.751797527512586, -20.366722172345955 ], [ 57.751707695984173, -20.366722172345955 ], [ 57.751707695984173, -20.366542509289133 ], [ 57.75161786445576, -20.366542509289133 ], [ 57.75161786445576, -20.366183183175483 ], [ 57.751528032927354, -20.366183183175483 ], [ 57.751528032927354, -20.366093351647073 ], [ 57.75143820139894, -20.366093351647073 ], [ 57.75143820139894, -20.365913688590247 ], [ 57.751348369870527, -20.365913688590247 ], [ 57.751348369870527, -20.365823857061837 ], [ 57.751168706813701, -20.365823857061837 ], [ 57.751168706813701, -20.365734025533424 ], [ 57.751078875285295, -20.365734025533424 ], [ 57.751078875285295, -20.365644194005014 ], [ 57.750989043756881, -20.365644194005014 ], [ 57.750989043756881, -20.365554362476601 ], [ 57.750899212228468, -20.365554362476601 ], [ 57.750899212228468, -20.365464530948188 ], [ 57.750719549171642, -20.365464530948188 ], [ 57.750719549171642, -20.365284867891365 ], [ 57.750629717643228, -20.365284867891365 ], [ 57.750629717643228, -20.365195036362952 ], [ 57.750539886114822, -20.365195036362952 ], [ 57.750539886114822, -20.365105204834542 ], [ 57.750360223057996, -20.365105204834542 ], [ 57.750360223057996, -20.365015373306129 ], [ 57.750270391529583, -20.365015373306129 ], [ 57.750270391529583, -20.364925541777716 ], [ 57.750180560001169, -20.364925541777716 ], [ 57.750180560001169, -20.364835710249306 ], [ 57.750090728472763, -20.364835710249306 ], [ 57.750090728472763, -20.364745878720893 ], [ 57.75000089694435, -20.364745878720893 ], [ 57.75000089694435, -20.364656047192483 ], [ 57.749911065415937, -20.364656047192483 ], [ 57.749911065415937, -20.36456621566407 ], [ 57.749821233887523, -20.36456621566407 ], [ 57.749821233887523, -20.364476384135656 ], [ 57.74973140235911, -20.364476384135656 ], [ 57.74973140235911, -20.364296721078833 ], [ 57.749641570830697, -20.364296721078833 ], [ 57.749641570830697, -20.36420688955042 ], [ 57.749551739302291, -20.36420688955042 ], [ 57.749551739302291, -20.364027226493597 ], [ 57.749461907773878, -20.364027226493597 ], [ 57.749461907773878, -20.363847563436774 ], [ 57.749372076245464, -20.363847563436774 ], [ 57.749372076245464, -20.363667900379951 ], [ 57.749282244717051, -20.363667900379951 ], [ 57.749282244717051, -20.363039079681066 ], [ 57.749192413188638, -20.363039079681066 ], [ 57.749192413188638, -20.36276958509583 ], [ 57.749102581660232, -20.36276958509583 ], [ 57.749102581660232, -20.362589922039007 ], [ 57.749012750131818, -20.362589922039007 ], [ 57.749012750131818, -20.362230595925357 ], [ 57.749102581660232, -20.362230595925357 ], [ 57.749102581660232, -20.361871269811711 ], [ 57.749192413188638, -20.361871269811711 ], [ 57.749192413188638, -20.361781438283298 ], [ 57.749282244717051, -20.361781438283298 ], [ 57.749282244717051, -20.361601775226475 ], [ 57.749372076245464, -20.361601775226475 ], [ 57.749372076245464, -20.361511943698062 ], [ 57.749461907773878, -20.361511943698062 ], [ 57.749461907773878, -20.361332280641239 ], [ 57.749551739302291, -20.361332280641239 ], [ 57.749551739302291, -20.361242449112826 ], [ 57.749641570830697, -20.361242449112826 ], [ 57.749641570830697, -20.361152617584416 ], [ 57.74973140235911, -20.361152617584416 ], [ 57.74973140235911, -20.36097295452759 ], [ 57.749821233887523, -20.36097295452759 ], [ 57.749821233887523, -20.360793291470767 ], [ 57.75000089694435, -20.360793291470767 ], [ 57.75000089694435, -20.360703459942357 ], [ 57.750090728472763, -20.360703459942357 ], [ 57.750090728472763, -20.360613628413944 ], [ 57.750180560001169, -20.360613628413944 ], [ 57.750180560001169, -20.360523796885531 ], [ 57.750360223057996, -20.360523796885531 ], [ 57.750360223057996, -20.360433965357121 ], [ 57.750450054586409, -20.360433965357121 ], [ 57.750450054586409, -20.360344133828708 ], [ 57.750539886114822, -20.360344133828708 ], [ 57.750539886114822, -20.360254302300294 ], [ 57.750629717643228, -20.360254302300294 ], [ 57.750629717643228, -20.360164470771885 ], [ 57.750809380700055, -20.360164470771885 ], [ 57.750809380700055, -20.360074639243471 ], [ 57.750899212228468, -20.360074639243471 ], [ 57.750899212228468, -20.359984807715058 ], [ 57.751078875285295, -20.359984807715058 ], [ 57.751078875285295, -20.359894976186649 ], [ 57.751258538342114, -20.359894976186649 ], [ 57.751258538342114, -20.359805144658235 ], [ 57.75143820139894, -20.359805144658235 ], [ 57.75143820139894, -20.359715313129826 ], [ 57.75161786445576, -20.359715313129826 ], [ 57.75161786445576, -20.359625481601412 ], [ 57.751887359041, -20.359625481601412 ], [ 57.751887359041, -20.359535650072999 ], [ 57.752246685154645, -20.359535650072999 ], [ 57.752246685154645, -20.359445818544589 ], [ 57.752426348211472, -20.359445818544589 ], [ 57.752426348211472, -20.359355987016176 ], [ 57.752516179739885, -20.359355987016176 ], [ 57.752516179739885, -20.359266155487763 ], [ 57.752695842796705, -20.359266155487763 ], [ 57.752695842796705, -20.359176323959353 ], [ 57.752875505853531, -20.359176323959353 ], [ 57.752875505853531, -20.35908649243094 ], [ 57.753055168910358, -20.35908649243094 ], [ 57.753055168910358, -20.358996660902527 ], [ 57.753414495024003, -20.358996660902527 ], [ 57.753414495024003, -20.358816997845704 ], [ 57.753504326552417, -20.358816997845704 ], [ 57.753504326552417, -20.358727166317294 ], [ 57.755121294063827, -20.358727166317294 ], [ 57.755121294063827, -20.358816997845704 ], [ 57.75548062017748, -20.358816997845704 ], [ 57.75548062017748, -20.358906829374117 ], [ 57.755839946291125, -20.358906829374117 ], [ 57.755839946291125, -20.358816997845704 ], [ 57.757546745330949, -20.358816997845704 ], [ 57.757546745330949, -20.358727166317294 ], [ 57.757995902973015, -20.358727166317294 ], [ 57.757995902973015, -20.358637334788881 ], [ 57.758175566029834, -20.358637334788881 ], [ 57.758175566029834, -20.358547503260468 ], [ 57.758624723671893, -20.358547503260468 ], [ 57.758624723671893, -20.358457671732058 ], [ 57.758714555200307, -20.358457671732058 ], [ 57.758714555200307, -20.358547503260468 ], [ 57.75880438672872, -20.358547503260468 ], [ 57.75880438672872, -20.358457671732058 ], [ 57.758984049785546, -20.358457671732058 ], [ 57.758984049785546, -20.358367840203645 ], [ 57.759163712842366, -20.358367840203645 ], [ 57.759163712842366, -20.358637334788881 ], [ 57.759343375899192, -20.358637334788881 ], [ 57.759343375899192, -20.358547503260468 ], [ 57.759612870484425, -20.358547503260468 ], [ 57.759612870484425, -20.358457671732058 ], [ 57.759702702012838, -20.358457671732058 ], [ 57.759702702012838, -20.358367840203645 ], [ 57.759792533541251, -20.358367840203645 ], [ 57.759792533541251, -20.358278008675232 ], [ 57.760062028126484, -20.358278008675232 ], [ 57.760062028126484, -20.358188177146822 ], [ 57.760151859654897, -20.358188177146822 ], [ 57.760151859654897, -20.358098345618409 ], [ 57.76024169118331, -20.358098345618409 ], [ 57.76024169118331, -20.357649187976349 ], [ 57.760151859654897, -20.357649187976349 ], [ 57.760151859654897, -20.357469524919527 ], [ 57.759972196598078, -20.357469524919527 ], [ 57.759972196598078, -20.357379693391113 ], [ 57.759702702012838, -20.357379693391113 ], [ 57.759702702012838, -20.3572898618627 ], [ 57.759612870484425, -20.3572898618627 ], [ 57.759612870484425, -20.35720003033429 ], [ 57.759523038956011, -20.35720003033429 ], [ 57.759523038956011, -20.357020367277464 ], [ 57.759702702012838, -20.357020367277464 ], [ 57.759702702012838, -20.356930535749054 ], [ 57.759792533541251, -20.356930535749054 ], [ 57.759792533541251, -20.356840704220641 ], [ 57.759882365069664, -20.356840704220641 ], [ 57.759882365069664, -20.356750872692228 ], [ 57.759972196598078, -20.356750872692228 ], [ 57.759972196598078, -20.356571209635405 ], [ 57.760062028126484, -20.356571209635405 ], [ 57.760062028126484, -20.356481378106995 ], [ 57.760151859654897, -20.356481378106995 ], [ 57.760151859654897, -20.356301715050169 ], [ 57.76024169118331, -20.356301715050169 ], [ 57.76024169118331, -20.356211883521759 ], [ 57.760511185768543, -20.356211883521759 ], [ 57.760511185768543, -20.356301715050169 ], [ 57.760601017296956, -20.356301715050169 ], [ 57.760601017296956, -20.356122051993346 ], [ 57.760690848825369, -20.356122051993346 ], [ 57.760690848825369, -20.355672894351287 ], [ 57.760780680353783, -20.355672894351287 ], [ 57.760780680353783, -20.355493231294464 ], [ 57.760870511882196, -20.355493231294464 ], [ 57.760870511882196, -20.355223736709227 ], [ 57.760780680353783, -20.355223736709227 ], [ 57.760780680353783, -20.355133905180814 ], [ 57.760870511882196, -20.355133905180814 ], [ 57.760870511882196, -20.355044073652401 ], [ 57.761050174939015, -20.355044073652401 ], [ 57.761050174939015, -20.354954242123991 ], [ 57.761319669524255, -20.354954242123991 ], [ 57.761319669524255, -20.354864410595578 ], [ 57.761409501052668, -20.354864410595578 ], [ 57.761409501052668, -20.354774579067165 ], [ 57.761319669524255, -20.354774579067165 ], [ 57.761319669524255, -20.354594916010342 ], [ 57.761409501052668, -20.354594916010342 ], [ 57.761409501052668, -20.354235589896696 ], [ 57.761858658694727, -20.354235589896696 ], [ 57.761858658694727, -20.354145758368283 ], [ 57.762038321751547, -20.354145758368283 ], [ 57.762038321751547, -20.35405592683987 ], [ 57.762307816336786, -20.35405592683987 ], [ 57.762307816336786, -20.354145758368283 ], [ 57.762667142450432, -20.354145758368283 ], [ 57.762667142450432, -20.35405592683987 ], [ 57.762756973978846, -20.35405592683987 ], [ 57.762756973978846, -20.35396609531146 ], [ 57.762846805507259, -20.35396609531146 ], [ 57.762846805507259, -20.353876263783047 ], [ 57.762936637035672, -20.353876263783047 ], [ 57.762936637035672, -20.353786432254633 ], [ 57.763116300092491, -20.353786432254633 ], [ 57.763116300092491, -20.353516937669401 ], [ 57.763206131620905, -20.353516937669401 ], [ 57.763206131620905, -20.353427106140987 ], [ 57.763295963149318, -20.353427106140987 ], [ 57.763295963149318, -20.353516937669401 ], [ 57.763385794677731, -20.353516937669401 ], [ 57.763385794677731, -20.353337274612574 ], [ 57.763295963149318, -20.353337274612574 ], [ 57.763295963149318, -20.353247443084165 ], [ 57.763116300092491, -20.353247443084165 ], [ 57.763116300092491, -20.353157611555751 ], [ 57.762936637035672, -20.353157611555751 ], [ 57.762936637035672, -20.353247443084165 ], [ 57.762577310922019, -20.353247443084165 ], [ 57.762577310922019, -20.353067780027338 ], [ 57.762307816336786, -20.353067780027338 ], [ 57.762307816336786, -20.352977948498928 ], [ 57.762217984808373, -20.352977948498928 ], [ 57.762217984808373, -20.352888116970515 ], [ 57.762577310922019, -20.352888116970515 ], [ 57.762577310922019, -20.352977948498928 ], [ 57.762756973978846, -20.352977948498928 ], [ 57.762756973978846, -20.352888116970515 ], [ 57.762846805507259, -20.352888116970515 ], [ 57.762846805507259, -20.352798285442102 ], [ 57.762936637035672, -20.352798285442102 ], [ 57.762936637035672, -20.352528790856869 ], [ 57.763026468564078, -20.352528790856869 ], [ 57.763026468564078, -20.35216946474322 ], [ 57.763116300092491, -20.35216946474322 ], [ 57.763116300092491, -20.352079633214807 ], [ 57.763295963149318, -20.352079633214807 ], [ 57.763295963149318, -20.351989801686397 ], [ 57.763385794677731, -20.351989801686397 ], [ 57.763385794677731, -20.351899970157984 ], [ 57.763565457734551, -20.351899970157984 ], [ 57.763565457734551, -20.35181013862957 ], [ 57.763655289262964, -20.35181013862957 ], [ 57.763655289262964, -20.351720307101161 ], [ 57.76401461537661, -20.351720307101161 ], [ 57.76401461537661, -20.351630475572748 ], [ 57.764104446905023, -20.351630475572748 ], [ 57.764104446905023, -20.351540644044338 ], [ 57.764373941490263, -20.351540644044338 ], [ 57.764373941490263, -20.351450812515925 ], [ 57.764463773018676, -20.351450812515925 ], [ 57.764463773018676, -20.351360980987511 ], [ 57.764553604547082, -20.351360980987511 ], [ 57.764553604547082, -20.351271149459102 ], [ 57.764733267603908, -20.351271149459102 ], [ 57.764733267603908, -20.351181317930688 ], [ 57.765002762189141, -20.351181317930688 ], [ 57.765002762189141, -20.351091486402275 ], [ 57.765092593717554, -20.351091486402275 ], [ 57.765092593717554, -20.351001654873865 ], [ 57.765182425245968, -20.351001654873865 ], [ 57.765182425245968, -20.350911823345452 ], [ 57.765272256774381, -20.350911823345452 ], [ 57.765272256774381, -20.350821991817039 ], [ 57.765362088302794, -20.350821991817039 ], [ 57.765362088302794, -20.350732160288629 ], [ 57.765451919831207, -20.350732160288629 ], [ 57.765451919831207, -20.350642328760216 ], [ 57.765541751359613, -20.350642328760216 ], [ 57.765541751359613, -20.350552497231806 ], [ 57.765631582888027, -20.350552497231806 ], [ 57.765631582888027, -20.350462665703393 ], [ 57.76572141441644, -20.350462665703393 ], [ 57.76572141441644, -20.35037283417498 ], [ 57.765811245944853, -20.35037283417498 ], [ 57.765811245944853, -20.35028300264657 ], [ 57.765901077473266, -20.35028300264657 ], [ 57.765901077473266, -20.349833845004508 ], [ 57.765990909001673, -20.349833845004508 ], [ 57.765990909001673, -20.349654181947685 ], [ 57.766260403586912, -20.349654181947685 ], [ 57.766260403586912, -20.349564350419275 ], [ 57.766440066643739, -20.349564350419275 ], [ 57.766440066643739, -20.349654181947685 ], [ 57.766709561228971, -20.349654181947685 ], [ 57.766709561228971, -20.349294855834039 ], [ 57.766619729700558, -20.349294855834039 ], [ 57.766619729700558, -20.349205024305625 ], [ 57.766709561228971, -20.349205024305625 ], [ 57.766709561228971, -20.348935529720389 ], [ 57.766799392757385, -20.348935529720389 ], [ 57.766799392757385, -20.348755866663566 ], [ 57.766889224285798, -20.348755866663566 ], [ 57.766889224285798, -20.348666035135153 ], [ 57.766979055814204, -20.348666035135153 ], [ 57.766979055814204, -20.348576203606743 ], [ 57.767068887342617, -20.348576203606743 ], [ 57.767068887342617, -20.34848637207833 ], [ 57.76715871887103, -20.34848637207833 ], [ 57.76715871887103, -20.348306709021507 ], [ 57.767248550399444, -20.348306709021507 ], [ 57.767248550399444, -20.348216877493094 ], [ 57.76715871887103, -20.348216877493094 ], [ 57.76715871887103, -20.348037214436271 ], [ 57.767248550399444, -20.348037214436271 ], [ 57.767248550399444, -20.347947382907858 ], [ 57.767338381927857, -20.347947382907858 ], [ 57.767338381927857, -20.347767719851035 ], [ 57.767518044984676, -20.347767719851035 ], [ 57.767518044984676, -20.347588056794212 ], [ 57.76760787651309, -20.347588056794212 ], [ 57.76760787651309, -20.347498225265799 ], [ 57.767697708041503, -20.347498225265799 ], [ 57.767697708041503, -20.347318562208976 ], [ 57.767787539569916, -20.347318562208976 ], [ 57.767787539569916, -20.347138899152149 ], [ 57.767877371098329, -20.347138899152149 ], [ 57.767877371098329, -20.34704906762374 ], [ 57.767967202626735, -20.34704906762374 ], [ 57.767967202626735, -20.346959236095326 ], [ 57.768057034155149, -20.346959236095326 ], [ 57.768057034155149, -20.346869404566913 ], [ 57.768146865683562, -20.346869404566913 ], [ 57.768146865683562, -20.346420246924854 ], [ 57.768236697211975, -20.346420246924854 ], [ 57.768236697211975, -20.346240583868031 ], [ 57.768326528740388, -20.346240583868031 ], [ 57.768326528740388, -20.346150752339618 ], [ 57.768506191797208, -20.346150752339618 ], [ 57.768506191797208, -20.346060920811208 ], [ 57.768596023325621, -20.346060920811208 ], [ 57.768596023325621, -20.345971089282795 ], [ 57.769135012496093, -20.345971089282795 ], [ 57.769135012496093, -20.345881257754382 ], [ 57.769224844024507, -20.345881257754382 ], [ 57.769224844024507, -20.345791426225972 ], [ 57.769494338609739, -20.345791426225972 ], [ 57.769494338609739, -20.345701594697559 ], [ 57.769674001666566, -20.345701594697559 ], [ 57.769674001666566, -20.345611763169149 ], [ 57.769763833194979, -20.345611763169149 ], [ 57.769763833194979, -20.345432100112323 ], [ 57.769853664723392, -20.345432100112323 ], [ 57.769853664723392, -20.345342268583913 ], [ 57.770033327780212, -20.345342268583913 ], [ 57.770033327780212, -20.345432100112323 ], [ 57.770302822365451, -20.345432100112323 ], [ 57.770302822365451, -20.345342268583913 ], [ 57.770482485422271, -20.345342268583913 ], [ 57.770482485422271, -20.3452524370555 ], [ 57.770662148479097, -20.3452524370555 ], [ 57.770662148479097, -20.344803279413441 ], [ 57.77093164306433, -20.344803279413441 ], [ 57.77093164306433, -20.344713447885027 ], [ 57.771111306121156, -20.344713447885027 ], [ 57.771111306121156, -20.344443953299791 ], [ 57.771021474592743, -20.344443953299791 ], [ 57.771021474592743, -20.344264290242968 ], [ 57.77120113764957, -20.344264290242968 ], [ 57.77120113764957, -20.344174458714555 ], [ 57.771380800706396, -20.344174458714555 ], [ 57.771380800706396, -20.344084627186145 ], [ 57.771650295291629, -20.344084627186145 ], [ 57.771650295291629, -20.344174458714555 ], [ 57.771829958348455, -20.344174458714555 ], [ 57.771829958348455, -20.343815132600909 ], [ 57.771650295291629, -20.343815132600909 ], [ 57.771650295291629, -20.343904964129319 ], [ 57.771380800706396, -20.343904964129319 ], [ 57.771380800706396, -20.343815132600909 ], [ 57.771290969177983, -20.343815132600909 ], [ 57.771290969177983, -20.343725301072496 ], [ 57.771021474592743, -20.343725301072496 ], [ 57.771021474592743, -20.343635469544086 ], [ 57.77093164306433, -20.343635469544086 ], [ 57.77093164306433, -20.343545638015673 ], [ 57.771021474592743, -20.343545638015673 ], [ 57.771021474592743, -20.34345580648726 ], [ 57.77093164306433, -20.34345580648726 ], [ 57.77093164306433, -20.34336597495885 ], [ 57.770841811535924, -20.34336597495885 ], [ 57.770841811535924, -20.34345580648726 ], [ 57.77075198000751, -20.34345580648726 ], [ 57.77075198000751, -20.343545638015673 ], [ 57.770662148479097, -20.343545638015673 ], [ 57.770662148479097, -20.341838838975846 ], [ 57.770841811535924, -20.341838838975846 ], [ 57.770841811535924, -20.341928670504256 ], [ 57.771021474592743, -20.341928670504256 ], [ 57.771021474592743, -20.341838838975846 ], [ 57.771111306121156, -20.341838838975846 ], [ 57.771111306121156, -20.341749007447433 ], [ 57.77120113764957, -20.341749007447433 ], [ 57.77120113764957, -20.341659175919023 ], [ 57.771290969177983, -20.341659175919023 ], [ 57.771290969177983, -20.34156934439061 ], [ 57.771650295291629, -20.34156934439061 ], [ 57.771650295291629, -20.341659175919023 ], [ 57.771829958348455, -20.341659175919023 ], [ 57.771829958348455, -20.341749007447433 ], [ 57.772189284462101, -20.341749007447433 ], [ 57.772189284462101, -20.341838838975846 ], [ 57.772279115990514, -20.341838838975846 ], [ 57.772279115990514, -20.342198165089492 ], [ 57.772548610575747, -20.342198165089492 ], [ 57.772548610575747, -20.342108333561082 ], [ 57.772728273632573, -20.342108333561082 ], [ 57.772728273632573, -20.341928670504256 ], [ 57.772818105160987, -20.341928670504256 ], [ 57.772818105160987, -20.341838838975846 ], [ 57.772907936689393, -20.341838838975846 ], [ 57.772907936689393, -20.341749007447433 ], [ 57.772997768217806, -20.341749007447433 ], [ 57.772997768217806, -20.341659175919023 ], [ 57.773087599746219, -20.341659175919023 ], [ 57.773087599746219, -20.341479512862197 ], [ 57.772728273632573, -20.341479512862197 ], [ 57.772728273632573, -20.341299849805374 ], [ 57.772458779047334, -20.341299849805374 ], [ 57.772458779047334, -20.341120186748551 ], [ 57.772548610575747, -20.341120186748551 ], [ 57.772548610575747, -20.341030355220138 ], [ 57.77263844210416, -20.341030355220138 ], [ 57.77263844210416, -20.340760860634902 ], [ 57.772548610575747, -20.340760860634902 ], [ 57.772548610575747, -20.340671029106488 ], [ 57.772458779047334, -20.340671029106488 ], [ 57.772458779047334, -20.340401534521256 ], [ 57.772368947518927, -20.340401534521256 ], [ 57.772368947518927, -20.340311702992842 ], [ 57.772189284462101, -20.340311702992842 ], [ 57.772189284462101, -20.340401534521256 ], [ 57.772279115990514, -20.340401534521256 ], [ 57.772279115990514, -20.340491366049665 ], [ 57.772009621405275, -20.340491366049665 ], [ 57.772009621405275, -20.340581197578079 ], [ 57.771919789876861, -20.340581197578079 ], [ 57.771919789876861, -20.340491366049665 ], [ 57.771560463763215, -20.340491366049665 ], [ 57.771560463763215, -20.340401534521256 ], [ 57.771470632234802, -20.340401534521256 ], [ 57.771470632234802, -20.340311702992842 ], [ 57.771290969177983, -20.340311702992842 ], [ 57.771290969177983, -20.340221871464429 ], [ 57.771021474592743, -20.340221871464429 ], [ 57.771021474592743, -20.340042208407606 ], [ 57.770841811535924, -20.340042208407606 ], [ 57.770841811535924, -20.339952376879193 ], [ 57.770662148479097, -20.339952376879193 ], [ 57.770662148479097, -20.339413387708724 ], [ 57.770482485422271, -20.339413387708724 ], [ 57.770482485422271, -20.339323556180311 ], [ 57.770392653893865, -20.339323556180311 ], [ 57.770392653893865, -20.339233724651898 ], [ 57.770302822365451, -20.339233724651898 ] ], [ [ 57.766979055814204, -20.341210018276961 ], [ 57.767068887342617, -20.341210018276961 ], [ 57.767068887342617, -20.341299849805374 ], [ 57.766979055814204, -20.341299849805374 ], [ 57.766979055814204, -20.341210018276961 ] ], [ [ 57.767068887342617, -20.341659175919023 ], [ 57.76715871887103, -20.341659175919023 ], [ 57.76715871887103, -20.341749007447433 ], [ 57.767068887342617, -20.341749007447433 ], [ 57.767068887342617, -20.341659175919023 ] ], [ [ 57.769584170138153, -20.342647322731555 ], [ 57.769853664723392, -20.342647322731555 ], [ 57.769853664723392, -20.342916817316787 ], [ 57.769584170138153, -20.342916817316787 ], [ 57.769584170138153, -20.342647322731555 ] ], [ [ 57.761589164109488, -20.35360676919781 ], [ 57.761858658694727, -20.35360676919781 ], [ 57.761858658694727, -20.353786432254633 ], [ 57.761678995637901, -20.353786432254633 ], [ 57.761678995637901, -20.353696600726224 ], [ 57.761589164109488, -20.353696600726224 ], [ 57.761589164109488, -20.35360676919781 ] ], [ [ 57.760421354240137, -20.35585255740811 ], [ 57.760601017296956, -20.35585255740811 ], [ 57.760601017296956, -20.355942388936523 ], [ 57.760421354240137, -20.355942388936523 ], [ 57.760421354240137, -20.35585255740811 ] ], [ [ 57.758984049785546, -20.357020367277464 ], [ 57.759163712842366, -20.357020367277464 ], [ 57.759163712842366, -20.3572898618627 ], [ 57.758984049785546, -20.3572898618627 ], [ 57.758984049785546, -20.357020367277464 ] ], [ [ 57.736256673097323, -20.379568080908864 ], [ 57.736346504625729, -20.379568080908864 ], [ 57.736346504625729, -20.380017238550924 ], [ 57.736256673097323, -20.380017238550924 ], [ 57.736256673097323, -20.379568080908864 ] ], [ [ 57.724488742875351, -20.384688478028348 ], [ 57.724578574403765, -20.384688478028348 ], [ 57.724578574403765, -20.384778309556758 ], [ 57.724488742875351, -20.384778309556758 ], [ 57.724488742875351, -20.384688478028348 ] ], [ [ 57.724219248290119, -20.38531729872723 ], [ 57.724309079818532, -20.38531729872723 ], [ 57.724309079818532, -20.385766456369289 ], [ 57.724219248290119, -20.385766456369289 ], [ 57.724219248290119, -20.38531729872723 ] ], [ [ 57.724488742875351, -20.386215614011348 ], [ 57.724578574403765, -20.386215614011348 ], [ 57.724578574403765, -20.386305445539762 ], [ 57.724488742875351, -20.386305445539762 ], [ 57.724488742875351, -20.386215614011348 ] ] ] } },
{ "type": "Feature", "properties": { "component_id": 19, "rank": 6, "pixel_count": 4655, "approx_area_km2": 0.43620104564557483, "mean_probability": 0.61559782789101791, "max_probability": 0.99215686321258545, "centroid_lon": 57.751462912305946, "centroid_lat": -20.383824426090886, "distance_to_wakashio_km": 6.0615839331572818, "area_km2": 0.43385306647309579 }, "geometry": { "type": "Polygon", "coordinates": [ [ [ 57.752246685154645, -20.380376564664573 ], [ 57.752246685154645, -20.380466396192986 ], [ 57.751977190569413, -20.380466396192986 ], [ 57.751977190569413, -20.380556227721396 ], [ 57.751797527512586, -20.380556227721396 ], [ 57.751797527512586, -20.380646059249809 ], [ 57.75161786445576, -20.380646059249809 ], [ 57.75161786445576, -20.380556227721396 ], [ 57.751078875285295, -20.380556227721396 ], [ 57.751078875285295, -20.380466396192986 ], [ 57.750989043756881, -20.380466396192986 ], [ 57.750989043756881, -20.380556227721396 ], [ 57.750180560001169, -20.380556227721396 ], [ 57.750180560001169, -20.380646059249809 ], [ 57.75000089694435, -20.380646059249809 ], [ 57.75000089694435, -20.380825722306632 ], [ 57.749911065415937, -20.380825722306632 ], [ 57.749911065415937, -20.381903700647577 ], [ 57.75000089694435, -20.381903700647577 ], [ 57.75000089694435, -20.3820833637044 ], [ 57.750090728472763, -20.3820833637044 ], [ 57.750090728472763, -20.382442689818049 ], [ 57.749821233887523, -20.382442689818049 ], [ 57.749821233887523, -20.382532521346459 ], [ 57.749461907773878, -20.382532521346459 ], [ 57.749461907773878, -20.382622352874872 ], [ 57.749102581660232, -20.382622352874872 ], [ 57.749102581660232, -20.382712184403285 ], [ 57.748653424018165, -20.382712184403285 ], [ 57.748653424018165, -20.382802015931695 ], [ 57.748204266376106, -20.382802015931695 ], [ 57.748204266376106, -20.382891847460108 ], [ 57.747934771790874, -20.382891847460108 ], [ 57.747934771790874, -20.383161342045344 ], [ 57.747844940262461, -20.383161342045344 ], [ 57.747844940262461, -20.383341005102167 ], [ 57.747934771790874, -20.383341005102167 ], [ 57.747934771790874, -20.383430836630581 ], [ 57.747844940262461, -20.383430836630581 ], [ 57.747844940262461, -20.383700331215817 ], [ 57.747755108734047, -20.383700331215817 ], [ 57.747755108734047, -20.383790162744226 ], [ 57.747665277205634, -20.383790162744226 ], [ 57.747665277205634, -20.384059657329463 ], [ 57.747575445677228, -20.384059657329463 ], [ 57.747575445677228, -20.384239320386285 ], [ 57.747485614148815, -20.384239320386285 ], [ 57.747485614148815, -20.384418983443112 ], [ 57.747395782620401, -20.384418983443112 ], [ 57.747395782620401, -20.384598646499935 ], [ 57.747305951091988, -20.384598646499935 ], [ 57.747305951091988, -20.384778309556758 ], [ 57.747216119563575, -20.384778309556758 ], [ 57.747216119563575, -20.385227467198817 ], [ 57.747126288035169, -20.385227467198817 ], [ 57.747126288035169, -20.386125782482939 ], [ 57.747036456506756, -20.386125782482939 ], [ 57.747036456506756, -20.386215614011348 ], [ 57.747126288035169, -20.386215614011348 ], [ 57.747126288035169, -20.386485108596585 ], [ 57.747036456506756, -20.386485108596585 ], [ 57.747036456506756, -20.387383423880706 ], [ 57.747126288035169, -20.387383423880706 ], [ 57.747126288035169, -20.387563086937529 ], [ 57.747216119563575, -20.387563086937529 ], [ 57.747216119563575, -20.387652918465943 ], [ 57.747755108734047, -20.387652918465943 ], [ 57.747755108734047, -20.387563086937529 ], [ 57.747934771790874, -20.387563086937529 ], [ 57.747934771790874, -20.387473255409116 ], [ 57.748024603319287, -20.387473255409116 ], [ 57.748024603319287, -20.387383423880706 ], [ 57.748204266376106, -20.387383423880706 ], [ 57.748204266376106, -20.387293592352293 ], [ 57.74829409790452, -20.387293592352293 ], [ 57.74829409790452, -20.38720376082388 ], [ 57.748383929432933, -20.38720376082388 ], [ 57.748383929432933, -20.38711392929547 ], [ 57.748473760961346, -20.38711392929547 ], [ 57.748473760961346, -20.387024097767057 ], [ 57.748653424018165, -20.387024097767057 ], [ 57.748653424018165, -20.386934266238644 ], [ 57.748743255546579, -20.386934266238644 ], [ 57.748743255546579, -20.386844434710234 ], [ 57.748833087074992, -20.386844434710234 ], [ 57.748833087074992, -20.386754603181821 ], [ 57.749012750131818, -20.386754603181821 ], [ 57.749012750131818, -20.386664771653411 ], [ 57.749102581660232, -20.386664771653411 ], [ 57.749102581660232, -20.386574940124998 ], [ 57.749282244717051, -20.386574940124998 ], [ 57.749282244717051, -20.386485108596585 ], [ 57.749372076245464, -20.386485108596585 ], [ 57.749372076245464, -20.386395277068175 ], [ 57.749461907773878, -20.386395277068175 ], [ 57.749461907773878, -20.386305445539762 ], [ 57.749551739302291, -20.386305445539762 ], [ 57.749551739302291, -20.386215614011348 ], [ 57.75000089694435, -20.386215614011348 ], [ 57.75000089694435, -20.386125782482939 ], [ 57.750180560001169, -20.386125782482939 ], [ 57.750180560001169, -20.385946119426112 ], [ 57.750450054586409, -20.385946119426112 ], [ 57.750450054586409, -20.385856287897703 ], [ 57.750719549171642, -20.385856287897703 ], [ 57.750719549171642, -20.385766456369289 ], [ 57.751797527512586, -20.385766456369289 ], [ 57.751797527512586, -20.385856287897703 ], [ 57.752516179739885, -20.385856287897703 ], [ 57.752516179739885, -20.385946119426112 ], [ 57.753055168910358, -20.385946119426112 ], [ 57.753055168910358, -20.386035950954525 ], [ 57.753594158080823, -20.386035950954525 ], [ 57.753594158080823, -20.386125782482939 ], [ 57.754312810308122, -20.386125782482939 ], [ 57.754312810308122, -20.386035950954525 ], [ 57.754582304893354, -20.386035950954525 ], [ 57.754582304893354, -20.385946119426112 ], [ 57.754761967950181, -20.385946119426112 ], [ 57.754761967950181, -20.385856287897703 ], [ 57.754851799478594, -20.385856287897703 ], [ 57.754851799478594, -20.385407130255643 ], [ 57.754941631007007, -20.385407130255643 ], [ 57.754941631007007, -20.385137635670407 ], [ 57.75503146253542, -20.385137635670407 ], [ 57.75503146253542, -20.384688478028348 ], [ 57.755121294063827, -20.384688478028348 ], [ 57.755121294063827, -20.384329151914699 ], [ 57.75503146253542, -20.384329151914699 ], [ 57.75503146253542, -20.384239320386285 ], [ 57.754941631007007, -20.384239320386285 ], [ 57.754941631007007, -20.384149488857876 ], [ 57.754761967950181, -20.384149488857876 ], [ 57.754761967950181, -20.384059657329463 ], [ 57.754582304893354, -20.384059657329463 ], [ 57.754582304893354, -20.384149488857876 ], [ 57.754492473364948, -20.384149488857876 ], [ 57.754492473364948, -20.384059657329463 ], [ 57.754402641836535, -20.384059657329463 ], [ 57.754402641836535, -20.383969825801049 ], [ 57.754312810308122, -20.383969825801049 ], [ 57.754312810308122, -20.383700331215817 ], [ 57.754402641836535, -20.383700331215817 ], [ 57.754402641836535, -20.383610499687403 ], [ 57.754492473364948, -20.383610499687403 ], [ 57.754492473364948, -20.38352066815899 ], [ 57.754761967950181, -20.38352066815899 ], [ 57.754761967950181, -20.383430836630581 ], [ 57.75521112559224, -20.383430836630581 ], [ 57.75521112559224, -20.383341005102167 ], [ 57.755390788649066, -20.383341005102167 ], [ 57.755390788649066, -20.383251173573754 ], [ 57.755570451705886, -20.383251173573754 ], [ 57.755570451705886, -20.383161342045344 ], [ 57.755660283234299, -20.383161342045344 ], [ 57.755660283234299, -20.383071510516931 ], [ 57.755750114762712, -20.383071510516931 ], [ 57.755750114762712, -20.382981678988518 ], [ 57.755929777819539, -20.382981678988518 ], [ 57.755929777819539, -20.382891847460108 ], [ 57.756109440876358, -20.382891847460108 ], [ 57.756109440876358, -20.382802015931695 ], [ 57.756289103933184, -20.382802015931695 ], [ 57.756289103933184, -20.382712184403285 ], [ 57.756378935461598, -20.382712184403285 ], [ 57.756378935461598, -20.382622352874872 ], [ 57.756558598518417, -20.382622352874872 ], [ 57.756558598518417, -20.382532521346459 ], [ 57.756828093103657, -20.382532521346459 ], [ 57.756828093103657, -20.382442689818049 ], [ 57.75691792463207, -20.382442689818049 ], [ 57.75691792463207, -20.382352858289636 ], [ 57.757007756160483, -20.382352858289636 ], [ 57.757007756160483, -20.382263026761223 ], [ 57.757187419217303, -20.382263026761223 ], [ 57.757187419217303, -20.381724037590754 ], [ 57.757097587688889, -20.381724037590754 ], [ 57.757097587688889, -20.381634206062341 ], [ 57.757007756160483, -20.381634206062341 ], [ 57.757007756160483, -20.381544374533927 ], [ 57.75691792463207, -20.381544374533927 ], [ 57.75691792463207, -20.381454543005518 ], [ 57.756289103933184, -20.381454543005518 ], [ 57.756289103933184, -20.381364711477104 ], [ 57.755660283234299, -20.381364711477104 ], [ 57.755660283234299, -20.381274879948691 ], [ 57.755390788649066, -20.381274879948691 ], [ 57.755390788649066, -20.381185048420281 ], [ 57.754761967950181, -20.381185048420281 ], [ 57.754761967950181, -20.381364711477104 ], [ 57.754851799478594, -20.381364711477104 ], [ 57.754851799478594, -20.381544374533927 ], [ 57.754761967950181, -20.381544374533927 ], [ 57.754761967950181, -20.3820833637044 ], [ 57.754672136421767, -20.3820833637044 ], [ 57.754672136421767, -20.382263026761223 ], [ 57.754761967950181, -20.382263026761223 ], [ 57.754761967950181, -20.382352858289636 ], [ 57.754672136421767, -20.382352858289636 ], [ 57.754672136421767, -20.382622352874872 ], [ 57.754582304893354, -20.382622352874872 ], [ 57.754582304893354, -20.382802015931695 ], [ 57.754492473364948, -20.382802015931695 ], [ 57.754492473364948, -20.382891847460108 ], [ 57.754043315722889, -20.382891847460108 ], [ 57.754043315722889, -20.382802015931695 ], [ 57.753863652666062, -20.382802015931695 ], [ 57.753863652666062, -20.382712184403285 ], [ 57.753683989609236, -20.382712184403285 ], [ 57.753683989609236, -20.382622352874872 ], [ 57.753414495024003, -20.382622352874872 ], [ 57.753414495024003, -20.382352858289636 ], [ 57.753145000438764, -20.382352858289636 ], [ 57.753145000438764, -20.3820833637044 ], [ 57.75332466349559, -20.3820833637044 ], [ 57.75332466349559, -20.381993532175986 ], [ 57.753414495024003, -20.381993532175986 ], [ 57.753414495024003, -20.381544374533927 ], [ 57.753234831967177, -20.381544374533927 ], [ 57.753234831967177, -20.381454543005518 ], [ 57.753145000438764, -20.381454543005518 ], [ 57.753145000438764, -20.381005385363455 ], [ 57.753055168910358, -20.381005385363455 ], [ 57.753055168910358, -20.380735890778222 ], [ 57.752965337381944, -20.380735890778222 ], [ 57.752965337381944, -20.380646059249809 ], [ 57.752875505853531, -20.380646059249809 ], [ 57.752875505853531, -20.380556227721396 ], [ 57.752695842796705, -20.380556227721396 ], [ 57.752695842796705, -20.380466396192986 ], [ 57.752606011268291, -20.380466396192986 ], [ 57.752606011268291, -20.380376564664573 ], [ 57.752246685154645, -20.380376564664573 ] ], [ [ 57.747934771790874, -20.383430836630581 ], [ 57.748024603319287, -20.383430836630581 ], [ 57.748024603319287, -20.38352066815899 ], [ 57.747934771790874, -20.38352066815899 ], [ 57.747934771790874, -20.383430836630581 ] ] ] } },
{ "type": "Feature", "properties": { "component_id": 22, "rank": 2, "pixel_count": 57260, "approx_area_km2": 5.365600832151582, "mean_probability": 0.84374453454788145, "max_probability": 1.0, "centroid_lon": 57.729067709716119, "centroid_lat": -20.413458951532434, "distance_to_wakashio_km": 3.1941881754746815, "area_km2": 0.032711432659207902 }, "geometry": { "type": "Polygon", "coordinates": [ [ [ 57.721703965494584, -20.391605505716068 ], [ 57.721703965494584, -20.391695337244478 ], [ 57.72161413396617, -20.391695337244478 ], [ 57.72161413396617, -20.391875000301305 ], [ 57.721434470909344, -20.391875000301305 ], [ 57.721434470909344, -20.391964831829714 ], [ 57.721164976324111, -20.391964831829714 ], [ 57.721164976324111, -20.392054663358127 ], [ 57.721075144795698, -20.392054663358127 ], [ 57.721075144795698, -20.39223432641495 ], [ 57.720985313267285, -20.39223432641495 ], [ 57.720985313267285, -20.392324157943364 ], [ 57.720895481738879, -20.392324157943364 ], [ 57.720895481738879, -20.392413989471773 ], [ 57.720805650210465, -20.392413989471773 ], [ 57.720805650210465, -20.392503821000187 ], [ 57.720715818682052, -20.392503821000187 ], [ 57.720715818682052, -20.3925936525286 ], [ 57.720625987153639, -20.3925936525286 ], [ 57.720625987153639, -20.392683484057009 ], [ 57.720715818682052, -20.392683484057009 ], [ 57.720715818682052, -20.392773315585423 ], [ 57.720805650210465, -20.392773315585423 ], [ 57.720805650210465, -20.393042810170659 ], [ 57.720895481738879, -20.393042810170659 ], [ 57.720895481738879, -20.393132641699069 ], [ 57.721075144795698, -20.393132641699069 ], [ 57.721075144795698, -20.393312304755895 ], [ 57.721164976324111, -20.393312304755895 ], [ 57.721164976324111, -20.393402136284305 ], [ 57.721254807852524, -20.393402136284305 ], [ 57.721254807852524, -20.393491967812718 ], [ 57.721344639380938, -20.393491967812718 ], [ 57.721344639380938, -20.393671630869541 ], [ 57.721434470909344, -20.393671630869541 ], [ 57.721434470909344, -20.393851293926367 ], [ 57.721344639380938, -20.393851293926367 ], [ 57.721344639380938, -20.394210620040013 ], [ 57.721434470909344, -20.394210620040013 ], [ 57.721434470909344, -20.394390283096836 ], [ 57.721524302437757, -20.394390283096836 ], [ 57.721524302437757, -20.394480114625249 ], [ 57.721703965494584, -20.394480114625249 ], [ 57.721703965494584, -20.394569946153663 ], [ 57.72188362855141, -20.394569946153663 ], [ 57.72188362855141, -20.394480114625249 ], [ 57.721973460079816, -20.394480114625249 ], [ 57.721973460079816, -20.394390283096836 ], [ 57.722153123136643, -20.394390283096836 ], [ 57.722153123136643, -20.394300451568427 ], [ 57.722242954665056, -20.394300451568427 ], [ 57.722242954665056, -20.3941207885116 ], [ 57.722332786193469, -20.3941207885116 ], [ 57.722332786193469, -20.393851293926367 ], [ 57.722242954665056, -20.393851293926367 ], [ 57.722242954665056, -20.393671630869541 ], [ 57.722153123136643, -20.393671630869541 ], [ 57.722153123136643, -20.393222473227482 ], [ 57.722242954665056, -20.393222473227482 ], [ 57.722242954665056, -20.393042810170659 ], [ 57.722153123136643, -20.393042810170659 ], [ 57.722153123136643, -20.392863147113836 ], [ 57.722242954665056, -20.392863147113836 ], [ 57.722242954665056, -20.3925936525286 ], [ 57.722153123136643, -20.3925936525286 ], [ 57.722153123136643, -20.392413989471773 ], [ 57.722063291608229, -20.392413989471773 ], [ 57.722063291608229, -20.392054663358127 ], [ 57.722153123136643, -20.392054663358127 ], [ 57.722153123136643, -20.391964831829714 ], [ 57.721973460079816, -20.391964831829714 ], [ 57.721973460079816, -20.391875000301305 ], [ 57.721793797022997, -20.391875000301305 ], [ 57.721793797022997, -20.391785168772891 ], [ 57.722063291608229, -20.391785168772891 ], [ 57.722063291608229, -20.391605505716068 ], [ 57.721703965494584, -20.391605505716068 ] ] ] } },
{ "type": "Feature", "properties": { "component_id": 22, "rank": 2, "pixel_count": 57260, "approx_area_km2": 5.365600832151582, "mean_probability": 0.84374453454788145, "max_probability": 1.0, "centroid_lon": 57.729067709716119, "centroid_lat": -20.413458951532434, "distance_to_wakashio_km": 3.1941881754746815, "area_km2": 5.3029572408766601 }, "geometry": { "type": "Polygon", "coordinates": [ [ [ 57.713080138767033, -20.386395277068175 ], [ 57.713080138767033, -20.386485108596585 ], [ 57.712990307238627, -20.386485108596585 ], [ 57.712990307238627, -20.386574940124998 ], [ 57.712900475710214, -20.386574940124998 ], [ 57.712900475710214, -20.386754603181821 ], [ 57.712810644181801, -20.386754603181821 ], [ 57.712810644181801, -20.386844434710234 ], [ 57.712720812653387, -20.386844434710234 ], [ 57.712720812653387, -20.387024097767057 ], [ 57.712630981124974, -20.387024097767057 ], [ 57.712630981124974, -20.38711392929547 ], [ 57.712541149596561, -20.38711392929547 ], [ 57.712541149596561, -20.38720376082388 ], [ 57.712451318068155, -20.38720376082388 ], [ 57.712451318068155, -20.387383423880706 ], [ 57.712361486539741, -20.387383423880706 ], [ 57.712361486539741, -20.387652918465943 ], [ 57.712451318068155, -20.387652918465943 ], [ 57.712451318068155, -20.387832581522765 ], [ 57.712541149596561, -20.387832581522765 ], [ 57.712541149596561, -20.388012244579588 ], [ 57.712630981124974, -20.388012244579588 ], [ 57.712630981124974, -20.388191907636411 ], [ 57.712720812653387, -20.388191907636411 ], [ 57.712720812653387, -20.388461402221647 ], [ 57.712810644181801, -20.388461402221647 ], [ 57.712810644181801, -20.388641065278474 ], [ 57.712900475710214, -20.388641065278474 ], [ 57.712900475710214, -20.388820728335297 ], [ 57.712990307238627, -20.388820728335297 ], [ 57.712990307238627, -20.38900039139212 ], [ 57.713080138767033, -20.38900039139212 ], [ 57.713080138767033, -20.389180054448943 ], [ 57.713169970295446, -20.389180054448943 ], [ 57.713169970295446, -20.389359717505769 ], [ 57.71325980182386, -20.389359717505769 ], [ 57.71325980182386, -20.389539380562592 ], [ 57.713349633352273, -20.389539380562592 ], [ 57.713349633352273, -20.389808875147828 ], [ 57.713439464880686, -20.389808875147828 ], [ 57.713439464880686, -20.389988538204651 ], [ 57.713529296409092, -20.389988538204651 ], [ 57.713529296409092, -20.390168201261474 ], [ 57.713619127937505, -20.390168201261474 ], [ 57.713619127937505, -20.390347864318301 ], [ 57.713708959465919, -20.390347864318301 ], [ 57.713708959465919, -20.390527527375124 ], [ 57.713798790994332, -20.390527527375124 ], [ 57.713798790994332, -20.390707190431947 ], [ 57.713888622522745, -20.390707190431947 ], [ 57.713888622522745, -20.390886853488773 ], [ 57.713978454051158, -20.390886853488773 ], [ 57.713978454051158, -20.391156348074006 ], [ 57.714068285579565, -20.391156348074006 ], [ 57.714068285579565, -20.391336011130832 ], [ 57.714158117107978, -20.391336011130832 ], [ 57.714158117107978, -20.391515674187655 ], [ 57.714247948636391, -20.391515674187655 ], [ 57.714247948636391, -20.391695337244478 ], [ 57.714337780164804, -20.391695337244478 ], [ 57.714337780164804, -20.391875000301305 ], [ 57.714427611693218, -20.391875000301305 ], [ 57.714427611693218, -20.392054663358127 ], [ 57.714517443221624, -20.392054663358127 ], [ 57.714517443221624, -20.39223432641495 ], [ 57.714607274750037, -20.39223432641495 ], [ 57.714607274750037, -20.392413989471773 ], [ 57.71469710627845, -20.392413989471773 ], [ 57.71469710627845, -20.392683484057009 ], [ 57.714786937806863, -20.392683484057009 ], [ 57.714786937806863, -20.392863147113836 ], [ 57.714876769335277, -20.392863147113836 ], [ 57.714876769335277, -20.393042810170659 ], [ 57.71496660086369, -20.393042810170659 ], [ 57.71496660086369, -20.393222473227482 ], [ 57.715056432392096, -20.393222473227482 ], [ 57.715056432392096, -20.393402136284305 ], [ 57.715146263920509, -20.393402136284305 ], [ 57.715146263920509, -20.393581799341131 ], [ 57.715236095448923, -20.393581799341131 ], [ 57.715236095448923, -20.393761462397954 ], [ 57.715325926977336, -20.393761462397954 ], [ 57.715325926977336, -20.39403095698319 ], [ 57.715415758505749, -20.39403095698319 ], [ 57.715415758505749, -20.394210620040013 ], [ 57.715505590034155, -20.394210620040013 ], [ 57.715505590034155, -20.394390283096836 ], [ 57.715595421562568, -20.394390283096836 ], [ 57.715595421562568, -20.394569946153663 ], [ 57.715685253090982, -20.394569946153663 ], [ 57.715685253090982, -20.394749609210486 ], [ 57.715775084619395, -20.394749609210486 ], [ 57.715775084619395, -20.394929272267309 ], [ 57.715864916147808, -20.394929272267309 ], [ 57.715864916147808, -20.395108935324131 ], [ 57.715954747676221, -20.395108935324131 ], [ 57.715954747676221, -20.395378429909368 ], [ 57.716044579204627, -20.395378429909368 ], [ 57.716044579204627, -20.395558092966194 ], [ 57.716134410733041, -20.395558092966194 ], [ 57.716134410733041, -20.395737756023017 ], [ 57.716224242261454, -20.395737756023017 ], [ 57.716224242261454, -20.39591741907984 ], [ 57.716314073789867, -20.39591741907984 ], [ 57.716314073789867, -20.396097082136663 ], [ 57.71640390531828, -20.396097082136663 ], [ 57.71640390531828, -20.396276745193489 ], [ 57.716493736846687, -20.396276745193489 ], [ 57.716493736846687, -20.396456408250312 ], [ 57.7165835683751, -20.396456408250312 ], [ 57.7165835683751, -20.396636071307135 ], [ 57.716673399903513, -20.396636071307135 ], [ 57.716673399903513, -20.396905565892371 ], [ 57.716763231431926, -20.396905565892371 ], [ 57.716763231431926, -20.397085228949194 ], [ 57.71685306296034, -20.397085228949194 ], [ 57.71685306296034, -20.397264892006021 ], [ 57.716942894488753, -20.397264892006021 ], [ 57.716942894488753, -20.397444555062844 ], [ 57.717032726017159, -20.397444555062844 ], [ 57.717032726017159, -20.397624218119667 ], [ 57.717122557545572, -20.397624218119667 ], [ 57.717122557545572, -20.397803881176493 ], [ 57.717212389073985, -20.397803881176493 ], [ 57.717212389073985, -20.397983544233316 ], [ 57.717302220602399, -20.397983544233316 ], [ 57.717302220602399, -20.398253038818552 ], [ 57.717392052130812, -20.398253038818552 ], [ 57.717392052130812, -20.398432701875375 ], [ 57.717481883659218, -20.398432701875375 ], [ 57.717481883659218, -20.398612364932198 ], [ 57.717571715187631, -20.398612364932198 ], [ 57.717571715187631, -20.398792027989025 ], [ 57.717661546716045, -20.398792027989025 ], [ 57.717661546716045, -20.398971691045848 ], [ 57.717751378244458, -20.398971691045848 ], [ 57.717751378244458, -20.399151354102671 ], [ 57.717841209772871, -20.399151354102671 ], [ 57.717841209772871, -20.399331017159493 ], [ 57.717931041301284, -20.399331017159493 ], [ 57.717931041301284, -20.39960051174473 ], [ 57.71802087282969, -20.39960051174473 ], [ 57.71802087282969, -20.399780174801556 ], [ 57.718110704358104, -20.399780174801556 ], [ 57.718110704358104, -20.399959837858379 ], [ 57.718200535886517, -20.399959837858379 ], [ 57.718200535886517, -20.400139500915202 ], [ 57.71829036741493, -20.400139500915202 ], [ 57.71829036741493, -20.400319163972025 ], [ 57.718380198943343, -20.400319163972025 ], [ 57.718380198943343, -20.400498827028851 ], [ 57.71847003047175, -20.400498827028851 ], [ 57.71847003047175, -20.400678490085674 ], [ 57.718559862000163, -20.400678490085674 ], [ 57.718559862000163, -20.400858153142497 ], [ 57.718649693528576, -20.400858153142497 ], [ 57.718649693528576, -20.401127647727733 ], [ 57.718739525056989, -20.401127647727733 ], [ 57.718739525056989, -20.401307310784556 ], [ 57.718829356585402, -20.401307310784556 ], [ 57.718829356585402, -20.401486973841383 ], [ 57.718919188113816, -20.401486973841383 ], [ 57.718919188113816, -20.401666636898206 ], [ 57.719009019642222, -20.401666636898206 ], [ 57.719009019642222, -20.401846299955029 ], [ 57.719098851170635, -20.401846299955029 ], [ 57.719098851170635, -20.402025963011852 ], [ 57.719188682699048, -20.402025963011852 ], [ 57.719188682699048, -20.402205626068678 ], [ 57.719278514227462, -20.402205626068678 ], [ 57.719278514227462, -20.402475120653914 ], [ 57.719368345755875, -20.402475120653914 ], [ 57.719368345755875, -20.402654783710737 ], [ 57.719458177284281, -20.402654783710737 ], [ 57.719458177284281, -20.40283444676756 ], [ 57.719548008812694, -20.40283444676756 ], [ 57.719548008812694, -20.403014109824383 ], [ 57.719637840341107, -20.403014109824383 ], [ 57.719637840341107, -20.40319377288121 ], [ 57.719727671869521, -20.40319377288121 ], [ 57.719727671869521, -20.403373435938033 ], [ 57.719817503397934, -20.403373435938033 ], [ 57.719817503397934, -20.403553098994855 ], [ 57.719907334926347, -20.403553098994855 ], [ 57.719907334926347, -20.403822593580092 ], [ 57.719997166454753, -20.403822593580092 ], [ 57.719997166454753, -20.404092088165328 ], [ 57.720086997983167, -20.404092088165328 ], [ 57.720086997983167, -20.404990403449446 ], [ 57.72017682951158, -20.404990403449446 ], [ 57.72017682951158, -20.405798887205155 ], [ 57.720266661039993, -20.405798887205155 ], [ 57.720266661039993, -20.406697202489276 ], [ 57.720356492568406, -20.406697202489276 ], [ 57.720356492568406, -20.407595517773395 ], [ 57.720446324096812, -20.407595517773395 ], [ 57.720446324096812, -20.408404001529103 ], [ 57.720536155625226, -20.408404001529103 ], [ 57.720536155625226, -20.409302316813221 ], [ 57.720625987153639, -20.409302316813221 ], [ 57.720625987153639, -20.410200632097339 ], [ 57.720715818682052, -20.410200632097339 ], [ 57.720715818682052, -20.411009115853048 ], [ 57.720805650210465, -20.411009115853048 ], [ 57.720805650210465, -20.411188778909871 ], [ 57.720895481738879, -20.411188778909871 ], [ 57.720895481738879, -20.411278610438284 ], [ 57.720985313267285, -20.411278610438284 ], [ 57.720985313267285, -20.411458273495107 ], [ 57.721075144795698, -20.411458273495107 ], [ 57.721075144795698, -20.411637936551934 ], [ 57.721164976324111, -20.411637936551934 ], [ 57.721164976324111, -20.411727768080343 ], [ 57.721254807852524, -20.411727768080343 ], [ 57.721254807852524, -20.41190743113717 ], [ 57.721344639380938, -20.41190743113717 ], [ 57.721344639380938, -20.411997262665579 ], [ 57.721434470909344, -20.411997262665579 ], [ 57.721434470909344, -20.412176925722402 ], [ 57.721524302437757, -20.412176925722402 ], [ 57.721524302437757, -20.412266757250816 ], [ 57.72161413396617, -20.412266757250816 ], [ 57.72161413396617, -20.412446420307639 ], [ 57.721703965494584, -20.412446420307639 ], [ 57.721703965494584, -20.412626083364465 ], [ 57.721793797022997, -20.412626083364465 ], [ 57.721793797022997, -20.412715914892875 ], [ 57.72188362855141, -20.412715914892875 ], [ 57.72188362855141, -20.412895577949701 ], [ 57.721973460079816, -20.412895577949701 ], [ 57.721973460079816, -20.412985409478111 ], [ 57.722063291608229, -20.412985409478111 ], [ 57.722063291608229, -20.413165072534934 ], [ 57.722153123136643, -20.413165072534934 ], [ 57.722153123136643, -20.41334473559176 ], [ 57.722242954665056, -20.41334473559176 ], [ 57.722242954665056, -20.41343456712017 ], [ 57.722332786193469, -20.41343456712017 ], [ 57.722332786193469, -20.413614230176997 ], [ 57.722422617721875, -20.413614230176997 ], [ 57.722422617721875, -20.413704061705406 ], [ 57.722512449250289, -20.413704061705406 ], [ 57.722512449250289, -20.413883724762233 ], [ 57.722602280778702, -20.413883724762233 ], [ 57.722602280778702, -20.414063387819056 ], [ 57.722692112307115, -20.414063387819056 ], [ 57.722692112307115, -20.414153219347465 ], [ 57.722781943835528, -20.414153219347465 ], [ 57.722781943835528, -20.414332882404292 ], [ 57.722871775363942, -20.414332882404292 ], [ 57.722871775363942, -20.414422713932701 ], [ 57.722961606892348, -20.414422713932701 ], [ 57.722961606892348, -20.414602376989528 ], [ 57.723051438420761, -20.414602376989528 ], [ 57.723051438420761, -20.414782040046351 ], [ 57.723141269949174, -20.414782040046351 ], [ 57.723141269949174, -20.414871871574764 ], [ 57.723231101477587, -20.414871871574764 ], [ 57.723231101477587, -20.415051534631587 ], [ 57.723320933006001, -20.415051534631587 ], [ 57.723320933006001, -20.415141366159997 ], [ 57.723410764534407, -20.415141366159997 ], [ 57.723410764534407, -20.415321029216823 ], [ 57.72350059606282, -20.415321029216823 ], [ 57.72350059606282, -20.415410860745233 ], [ 57.723590427591233, -20.415410860745233 ], [ 57.723590427591233, -20.415590523802059 ], [ 57.723680259119647, -20.415590523802059 ], [ 57.723680259119647, -20.415770186858882 ], [ 57.72377009064806, -20.415770186858882 ], [ 57.72377009064806, -20.415860018387296 ], [ 57.723859922176473, -20.415860018387296 ], [ 57.723859922176473, -20.416039681444119 ], [ 57.723949753704879, -20.416039681444119 ], [ 57.723949753704879, -20.416129512972528 ], [ 57.724039585233292, -20.416129512972528 ], [ 57.724039585233292, -20.416309176029355 ], [ 57.724129416761706, -20.416309176029355 ], [ 57.724129416761706, -20.416488839086178 ], [ 57.724219248290119, -20.416488839086178 ], [ 57.724219248290119, -20.416578670614591 ], [ 57.724309079818532, -20.416578670614591 ], [ 57.724309079818532, -20.416758333671414 ], [ 57.724398911346938, -20.416758333671414 ], [ 57.724398911346938, -20.416848165199827 ], [ 57.724488742875351, -20.416848165199827 ], [ 57.724488742875351, -20.41702782825665 ], [ 57.724578574403765, -20.41702782825665 ], [ 57.724578574403765, -20.417207491313473 ], [ 57.724668405932178, -20.417207491313473 ], [ 57.724668405932178, -20.417297322841886 ], [ 57.724758237460591, -20.417297322841886 ], [ 57.724758237460591, -20.417476985898709 ], [ 57.724848068989004, -20.417476985898709 ], [ 57.724848068989004, -20.417566817427122 ], [ 57.724937900517411, -20.417566817427122 ], [ 57.724937900517411, -20.417746480483945 ], [ 57.725027732045824, -20.417746480483945 ], [ 57.725027732045824, -20.417926143540768 ], [ 57.725117563574237, -20.417926143540768 ], [ 57.725117563574237, -20.418015975069181 ], [ 57.72520739510265, -20.418015975069181 ], [ 57.72520739510265, -20.418195638126004 ], [ 57.725297226631064, -20.418195638126004 ], [ 57.725297226631064, -20.418285469654418 ], [ 57.72538705815947, -20.418285469654418 ], [ 57.72538705815947, -20.418465132711241 ], [ 57.725476889687883, -20.418465132711241 ], [ 57.725476889687883, -20.418554964239654 ], [ 57.725566721216296, -20.418554964239654 ], [ 57.725566721216296, -20.418734627296477 ], [ 57.725656552744709, -20.418734627296477 ], [ 57.725656552744709, -20.4189142903533 ], [ 57.725746384273123, -20.4189142903533 ], [ 57.725746384273123, -20.419004121881713 ], [ 57.725836215801536, -20.419004121881713 ], [ 57.725836215801536, -20.419183784938536 ], [ 57.725926047329942, -20.419183784938536 ], [ 57.725926047329942, -20.419273616466949 ], [ 57.726015878858355, -20.419273616466949 ], [ 57.726015878858355, -20.419453279523772 ], [ 57.726105710386769, -20.419453279523772 ], [ 57.726105710386769, -20.419722774109008 ], [ 57.726195541915182, -20.419722774109008 ], [ 57.726195541915182, -20.42035159480789 ], [ 57.726285373443595, -20.42035159480789 ], [ 57.726285373443595, -20.421070247035185 ], [ 57.726375204972001, -20.421070247035185 ], [ 57.726375204972001, -20.421699067734071 ], [ 57.726465036500414, -20.421699067734071 ], [ 57.726465036500414, -20.422417719961366 ], [ 57.726554868028828, -20.422417719961366 ], [ 57.726554868028828, -20.422866877603425 ], [ 57.727183688727713, -20.422866877603425 ], [ 57.727183688727713, -20.422956709131839 ], [ 57.727543014841359, -20.422956709131839 ], [ 57.727543014841359, -20.423046540660252 ], [ 57.727722677898186, -20.423046540660252 ], [ 57.727722677898186, -20.423136372188662 ], [ 57.727812509426599, -20.423136372188662 ], [ 57.727812509426599, -20.423316035245485 ], [ 57.727902340955005, -20.423316035245485 ], [ 57.727902340955005, -20.423405866773898 ], [ 57.728082004011831, -20.423405866773898 ], [ 57.728082004011831, -20.423495698302311 ], [ 57.728261667068658, -20.423495698302311 ], [ 57.728261667068658, -20.423585529830721 ], [ 57.728351498597064, -20.423585529830721 ], [ 57.728351498597064, -20.423675361359134 ], [ 57.728441330125477, -20.423675361359134 ], [ 57.728441330125477, -20.42394485594437 ], [ 57.728351498597064, -20.42394485594437 ], [ 57.728351498597064, -20.424753339700079 ], [ 57.728261667068658, -20.424753339700079 ], [ 57.728261667068658, -20.425202497342138 ], [ 57.728351498597064, -20.425202497342138 ], [ 57.728351498597064, -20.425382160398961 ], [ 57.728441330125477, -20.425382160398961 ], [ 57.728441330125477, -20.425561823455784 ], [ 57.728531161653891, -20.425561823455784 ], [ 57.728531161653891, -20.425651654984197 ], [ 57.728620993182304, -20.425651654984197 ], [ 57.728620993182304, -20.42574148651261 ], [ 57.728710824710717, -20.42574148651261 ], [ 57.728710824710717, -20.42583131804102 ], [ 57.72880065623913, -20.42583131804102 ], [ 57.72880065623913, -20.425921149569433 ], [ 57.72898031929595, -20.425921149569433 ], [ 57.72898031929595, -20.426010981097846 ], [ 57.729249813881189, -20.426010981097846 ], [ 57.729249813881189, -20.426100812626256 ], [ 57.729339645409596, -20.426100812626256 ], [ 57.729339645409596, -20.426280475683079 ], [ 57.729249813881189, -20.426280475683079 ], [ 57.729249813881189, -20.426370307211492 ], [ 57.729339645409596, -20.426370307211492 ], [ 57.729339645409596, -20.426460138739905 ], [ 57.729519308466422, -20.426460138739905 ], [ 57.729519308466422, -20.426909296381965 ], [ 57.729609139994835, -20.426909296381965 ], [ 57.729609139994835, -20.426999127910378 ], [ 57.729788803051662, -20.426999127910378 ], [ 57.729788803051662, -20.427088959438787 ], [ 57.729968466108481, -20.427088959438787 ], [ 57.729968466108481, -20.427178790967201 ], [ 57.730058297636894, -20.427178790967201 ], [ 57.730058297636894, -20.427448285552437 ], [ 57.730148129165308, -20.427448285552437 ], [ 57.730148129165308, -20.427538117080847 ], [ 57.730237960693721, -20.427538117080847 ], [ 57.730237960693721, -20.42762794860926 ], [ 57.730327792222127, -20.42762794860926 ], [ 57.730327792222127, -20.428166937779732 ], [ 57.73041762375054, -20.428166937779732 ], [ 57.73041762375054, -20.428346600836555 ], [ 57.730507455278953, -20.428346600836555 ], [ 57.730507455278953, -20.428436432364968 ], [ 57.730597286807367, -20.428436432364968 ], [ 57.730597286807367, -20.428616095421791 ], [ 57.73068711833578, -20.428616095421791 ], [ 57.73068711833578, -20.428795758478614 ], [ 57.730776949864193, -20.428795758478614 ], [ 57.730776949864193, -20.429244916120673 ], [ 57.730866781392599, -20.429244916120673 ], [ 57.730866781392599, -20.429604242234323 ], [ 57.730956612921013, -20.429604242234323 ], [ 57.730956612921013, -20.429783905291146 ], [ 57.731046444449426, -20.429783905291146 ], [ 57.731046444449426, -20.429963568347972 ], [ 57.731136275977839, -20.429963568347972 ], [ 57.731136275977839, -20.430143231404795 ], [ 57.731226107506252, -20.430143231404795 ], [ 57.731226107506252, -20.430233062933205 ], [ 57.731315939034658, -20.430233062933205 ], [ 57.731315939034658, -20.430322894461618 ], [ 57.731405770563072, -20.430322894461618 ], [ 57.731405770563072, -20.430412725990031 ], [ 57.731495602091485, -20.430412725990031 ], [ 57.731495602091485, -20.430502557518441 ], [ 57.731585433619898, -20.430502557518441 ], [ 57.731585433619898, -20.430592389046854 ], [ 57.731675265148311, -20.430592389046854 ], [ 57.731675265148311, -20.430682220575267 ], [ 57.73212442279037, -20.430682220575267 ], [ 57.73212442279037, -20.430772052103677 ], [ 57.732214254318784, -20.430772052103677 ], [ 57.732214254318784, -20.43086188363209 ], [ 57.732393917375603, -20.43086188363209 ], [ 57.732393917375603, -20.430951715160504 ], [ 57.732483748904016, -20.430951715160504 ], [ 57.732483748904016, -20.431041546688913 ], [ 57.73257358043243, -20.431041546688913 ], [ 57.73257358043243, -20.431131378217326 ], [ 57.733382064188135, -20.431131378217326 ], [ 57.733382064188135, -20.431221209745736 ], [ 57.733561727244961, -20.431221209745736 ], [ 57.733561727244961, -20.431311041274149 ], [ 57.733741390301788, -20.431311041274149 ], [ 57.733741390301788, -20.431400872802563 ], [ 57.733831221830194, -20.431400872802563 ], [ 57.733831221830194, -20.431490704330972 ], [ 57.733921053358607, -20.431490704330972 ], [ 57.733921053358607, -20.431580535859386 ], [ 57.734100716415433, -20.431580535859386 ], [ 57.734100716415433, -20.431670367387799 ], [ 57.73428037947226, -20.431670367387799 ], [ 57.73428037947226, -20.431760198916209 ], [ 57.734370211000666, -20.431760198916209 ], [ 57.734370211000666, -20.431850030444622 ], [ 57.734639705585906, -20.431850030444622 ], [ 57.734639705585906, -20.431939861973035 ], [ 57.734729537114319, -20.431939861973035 ], [ 57.734729537114319, -20.432029693501445 ], [ 57.734909200171138, -20.432029693501445 ], [ 57.734909200171138, -20.432119525029858 ], [ 57.735088863227965, -20.432119525029858 ], [ 57.735088863227965, -20.432209356558268 ], [ 57.735178694756378, -20.432209356558268 ], [ 57.735178694756378, -20.432299188086681 ], [ 57.735358357813197, -20.432299188086681 ], [ 57.735358357813197, -20.432389019615094 ], [ 57.735448189341611, -20.432389019615094 ], [ 57.735448189341611, -20.432478851143504 ], [ 57.735627852398437, -20.432478851143504 ], [ 57.735627852398437, -20.432568682671917 ], [ 57.73571768392685, -20.432568682671917 ], [ 57.73571768392685, -20.43265851420033 ], [ 57.73589734698367, -20.43265851420033 ], [ 57.73589734698367, -20.43274834572874 ], [ 57.735987178512083, -20.43274834572874 ], [ 57.735987178512083, -20.432838177257153 ], [ 57.73616684156891, -20.432838177257153 ], [ 57.73616684156891, -20.433017840313976 ], [ 57.736256673097323, -20.433017840313976 ], [ 57.736256673097323, -20.433107671842389 ], [ 57.736346504625729, -20.433107671842389 ], [ 57.736346504625729, -20.433287334899212 ], [ 57.736526167682555, -20.433287334899212 ], [ 57.736526167682555, -20.433377166427626 ], [ 57.736615999210969, -20.433377166427626 ], [ 57.736615999210969, -20.433466997956035 ], [ 57.736705830739382, -20.433466997956035 ], [ 57.736705830739382, -20.433646661012862 ], [ 57.736795662267788, -20.433646661012862 ], [ 57.736795662267788, -20.433736492541271 ], [ 57.736885493796201, -20.433736492541271 ], [ 57.736885493796201, -20.433826324069685 ], [ 57.736975325324615, -20.433826324069685 ], [ 57.736975325324615, -20.433916155598098 ], [ 57.737065156853028, -20.433916155598098 ], [ 57.737065156853028, -20.434005987126508 ], [ 57.737154988381441, -20.434005987126508 ], [ 57.737154988381441, -20.434095818654921 ], [ 57.737244819909854, -20.434095818654921 ], [ 57.737244819909854, -20.434185650183331 ], [ 57.737514314495087, -20.434185650183331 ], [ 57.737514314495087, -20.434275481711744 ], [ 57.7376041460235, -20.434275481711744 ], [ 57.7376041460235, -20.434365313240157 ], [ 57.737693977551913, -20.434365313240157 ], [ 57.737693977551913, -20.434455144768567 ], [ 57.737783809080319, -20.434455144768567 ], [ 57.737783809080319, -20.43454497629698 ], [ 57.737963472137146, -20.43454497629698 ], [ 57.737963472137146, -20.434634807825393 ], [ 57.738053303665559, -20.434634807825393 ], [ 57.738053303665559, -20.434724639353803 ], [ 57.738143135193972, -20.434724639353803 ], [ 57.738143135193972, -20.434814470882216 ], [ 57.738232966722386, -20.434814470882216 ], [ 57.738232966722386, -20.434904302410629 ], [ 57.738322798250792, -20.434904302410629 ], [ 57.738322798250792, -20.434994133939039 ], [ 57.738412629779205, -20.434994133939039 ], [ 57.738412629779205, -20.435083965467452 ], [ 57.738502461307618, -20.435083965467452 ], [ 57.738502461307618, -20.435173796995862 ], [ 57.738592292836032, -20.435173796995862 ], [ 57.738592292836032, -20.435263628524275 ], [ 57.738682124364445, -20.435263628524275 ], [ 57.738682124364445, -20.435353460052688 ], [ 57.738861787421264, -20.435353460052688 ], [ 57.738861787421264, -20.435533123109511 ], [ 57.738951618949677, -20.435533123109511 ], [ 57.738951618949677, -20.435622954637925 ], [ 57.739041450478091, -20.435622954637925 ], [ 57.739041450478091, -20.435802617694748 ], [ 57.739131282006504, -20.435802617694748 ], [ 57.739131282006504, -20.436161943808393 ], [ 57.739041450478091, -20.436161943808393 ], [ 57.739041450478091, -20.43634160686522 ], [ 57.738951618949677, -20.43634160686522 ], [ 57.738951618949677, -20.436880596035692 ], [ 57.739041450478091, -20.436880596035692 ], [ 57.739041450478091, -20.436970427564102 ], [ 57.738951618949677, -20.436970427564102 ], [ 57.738951618949677, -20.437329753677751 ], [ 57.738861787421264, -20.437329753677751 ], [ 57.738861787421264, -20.437419585206161 ], [ 57.738771955892851, -20.437419585206161 ], [ 57.738771955892851, -20.437599248262988 ], [ 57.738682124364445, -20.437599248262988 ], [ 57.738682124364445, -20.437689079791397 ], [ 57.738592292836032, -20.437689079791397 ], [ 57.738592292836032, -20.437778911319811 ], [ 57.738682124364445, -20.437778911319811 ], [ 57.738682124364445, -20.437868742848224 ], [ 57.739131282006504, -20.437868742848224 ], [ 57.739131282006504, -20.437778911319811 ], [ 57.739310945063323, -20.437778911319811 ], [ 57.739310945063323, -20.437689079791397 ], [ 57.739400776591737, -20.437689079791397 ], [ 57.739400776591737, -20.437599248262988 ], [ 57.73949060812015, -20.437599248262988 ], [ 57.73949060812015, -20.437329753677751 ], [ 57.739670271176976, -20.437329753677751 ], [ 57.739670271176976, -20.437509416734574 ], [ 57.739849934233796, -20.437509416734574 ], [ 57.739849934233796, -20.437419585206161 ], [ 57.739939765762209, -20.437419585206161 ], [ 57.739939765762209, -20.437329753677751 ], [ 57.740119428819035, -20.437329753677751 ], [ 57.740119428819035, -20.437419585206161 ], [ 57.740568586461094, -20.437419585206161 ], [ 57.740568586461094, -20.437509416734574 ], [ 57.740658417989508, -20.437509416734574 ], [ 57.740658417989508, -20.437419585206161 ], [ 57.740748249517914, -20.437419585206161 ], [ 57.740748249517914, -20.437509416734574 ], [ 57.74119740715998, -20.437509416734574 ], [ 57.74119740715998, -20.437419585206161 ], [ 57.741646564802039, -20.437419585206161 ], [ 57.741646564802039, -20.437329753677751 ], [ 57.741916059387272, -20.437329753677751 ], [ 57.741916059387272, -20.437150090620925 ], [ 57.742005890915685, -20.437150090620925 ], [ 57.742005890915685, -20.437060259092515 ], [ 57.742095722444098, -20.437060259092515 ], [ 57.742095722444098, -20.436970427564102 ], [ 57.742185553972512, -20.436970427564102 ], [ 57.742185553972512, -20.436880596035692 ], [ 57.742275385500918, -20.436880596035692 ], [ 57.742275385500918, -20.436790764507279 ], [ 57.742365217029331, -20.436790764507279 ], [ 57.742365217029331, -20.436700932978866 ], [ 57.742544880086157, -20.436700932978866 ], [ 57.742544880086157, -20.436611101450456 ], [ 57.742724543142977, -20.436611101450456 ], [ 57.742724543142977, -20.436521269922043 ], [ 57.74281437467139, -20.436521269922043 ], [ 57.74281437467139, -20.43643143839363 ], [ 57.742994037728216, -20.43643143839363 ], [ 57.742994037728216, -20.43634160686522 ], [ 57.74308386925663, -20.43634160686522 ], [ 57.74308386925663, -20.436251775336807 ], [ 57.743263532313449, -20.436251775336807 ], [ 57.743263532313449, -20.436161943808393 ], [ 57.743353363841862, -20.436161943808393 ], [ 57.743353363841862, -20.436072112279984 ], [ 57.743443195370276, -20.436072112279984 ], [ 57.743443195370276, -20.435982280751571 ], [ 57.743533026898689, -20.435982280751571 ], [ 57.743533026898689, -20.435892449223161 ], [ 57.743622858427102, -20.435892449223161 ], [ 57.743622858427102, -20.435712786166334 ], [ 57.743712689955508, -20.435712786166334 ], [ 57.743712689955508, -20.435622954637925 ], [ 57.743802521483921, -20.435622954637925 ], [ 57.743802521483921, -20.435353460052688 ], [ 57.743892353012335, -20.435353460052688 ], [ 57.743892353012335, -20.435173796995862 ], [ 57.743982184540748, -20.435173796995862 ], [ 57.743982184540748, -20.434994133939039 ], [ 57.744072016069161, -20.434994133939039 ], [ 57.744072016069161, -20.434904302410629 ], [ 57.744161847597574, -20.434904302410629 ], [ 57.744161847597574, -20.434724639353803 ], [ 57.744251679125981, -20.434724639353803 ], [ 57.744251679125981, -20.43454497629698 ], [ 57.744341510654394, -20.43454497629698 ], [ 57.744341510654394, -20.434365313240157 ], [ 57.744431342182807, -20.434365313240157 ], [ 57.744431342182807, -20.434005987126508 ], [ 57.74452117371122, -20.434005987126508 ], [ 57.74452117371122, -20.433826324069685 ], [ 57.744611005239634, -20.433826324069685 ], [ 57.744611005239634, -20.433377166427626 ], [ 57.74470083676804, -20.433377166427626 ], [ 57.74470083676804, -20.433017840313976 ], [ 57.744790668296453, -20.433017840313976 ], [ 57.744790668296453, -20.432568682671917 ], [ 57.744880499824866, -20.432568682671917 ], [ 57.744880499824866, -20.432119525029858 ], [ 57.744790668296453, -20.432119525029858 ], [ 57.744790668296453, -20.431939861973035 ], [ 57.74470083676804, -20.431939861973035 ], [ 57.74470083676804, -20.431850030444622 ], [ 57.744611005239634, -20.431850030444622 ], [ 57.744611005239634, -20.431760198916209 ], [ 57.74452117371122, -20.431760198916209 ], [ 57.74452117371122, -20.431670367387799 ], [ 57.744341510654394, -20.431670367387799 ], [ 57.744341510654394, -20.431580535859386 ], [ 57.744161847597574, -20.431580535859386 ], [ 57.744161847597574, -20.431490704330972 ], [ 57.743982184540748, -20.431490704330972 ], [ 57.743982184540748, -20.431400872802563 ], [ 57.743892353012335, -20.431400872802563 ], [ 57.743892353012335, -20.431311041274149 ], [ 57.743802521483921, -20.431311041274149 ], [ 57.743802521483921, -20.431221209745736 ], [ 57.743622858427102, -20.431221209745736 ], [ 57.743622858427102, -20.431131378217326 ], [ 57.743443195370276, -20.431131378217326 ], [ 57.743443195370276, -20.431041546688913 ], [ 57.743263532313449, -20.431041546688913 ], [ 57.743263532313449, -20.430951715160504 ], [ 57.743173700785043, -20.430951715160504 ], [ 57.743173700785043, -20.43086188363209 ], [ 57.74308386925663, -20.43086188363209 ], [ 57.74308386925663, -20.430772052103677 ], [ 57.742994037728216, -20.430772052103677 ], [ 57.742994037728216, -20.430682220575267 ], [ 57.74281437467139, -20.430682220575267 ], [ 57.74281437467139, -20.430502557518441 ], [ 57.742904206199803, -20.430502557518441 ], [ 57.742904206199803, -20.430322894461618 ], [ 57.74281437467139, -20.430322894461618 ], [ 57.74281437467139, -20.430233062933205 ], [ 57.742634711614571, -20.430233062933205 ], [ 57.742634711614571, -20.430143231404795 ], [ 57.742455048557744, -20.430143231404795 ], [ 57.742455048557744, -20.430053399876382 ], [ 57.742185553972512, -20.430053399876382 ], [ 57.742185553972512, -20.429963568347972 ], [ 57.742095722444098, -20.429963568347972 ], [ 57.742095722444098, -20.429873736819559 ], [ 57.742005890915685, -20.429873736819559 ], [ 57.742005890915685, -20.429604242234323 ], [ 57.741916059387272, -20.429604242234323 ], [ 57.741916059387272, -20.429514410705909 ], [ 57.741736396330445, -20.429514410705909 ], [ 57.741736396330445, -20.4294245791775 ], [ 57.741646564802039, -20.4294245791775 ], [ 57.741646564802039, -20.429334747649087 ], [ 57.741466901745213, -20.429334747649087 ], [ 57.741466901745213, -20.429244916120673 ], [ 57.741377070216799, -20.429244916120673 ], [ 57.741377070216799, -20.429155084592264 ], [ 57.741287238688386, -20.429155084592264 ], [ 57.741287238688386, -20.42906525306385 ], [ 57.74119740715998, -20.42906525306385 ], [ 57.74119740715998, -20.428975421535441 ], [ 57.741107575631567, -20.428975421535441 ], [ 57.741107575631567, -20.428885590007027 ], [ 57.74092791257474, -20.428885590007027 ], [ 57.74092791257474, -20.428795758478614 ], [ 57.740838081046327, -20.428795758478614 ], [ 57.740838081046327, -20.428705926950204 ], [ 57.740748249517914, -20.428705926950204 ], [ 57.740748249517914, -20.428616095421791 ], [ 57.740658417989508, -20.428616095421791 ], [ 57.740658417989508, -20.428526263893378 ], [ 57.740568586461094, -20.428526263893378 ], [ 57.740568586461094, -20.428436432364968 ], [ 57.740478754932681, -20.428436432364968 ], [ 57.740478754932681, -20.428256769308142 ], [ 57.740388923404268, -20.428256769308142 ], [ 57.740388923404268, -20.428077106251319 ], [ 57.740299091875855, -20.428077106251319 ], [ 57.740299091875855, -20.427897443194496 ], [ 57.740209260347449, -20.427897443194496 ], [ 57.740209260347449, -20.427717780137673 ], [ 57.740119428819035, -20.427717780137673 ], [ 57.740119428819035, -20.42762794860926 ], [ 57.740029597290622, -20.42762794860926 ], [ 57.740029597290622, -20.427538117080847 ], [ 57.739939765762209, -20.427538117080847 ], [ 57.739939765762209, -20.427448285552437 ], [ 57.739849934233796, -20.427448285552437 ], [ 57.739849934233796, -20.427358454024024 ], [ 57.739760102705382, -20.427358454024024 ], [ 57.739760102705382, -20.42726862249561 ], [ 57.739670271176976, -20.42726862249561 ], [ 57.739670271176976, -20.427088959438787 ], [ 57.739580439648563, -20.427088959438787 ], [ 57.739580439648563, -20.426999127910378 ], [ 57.73949060812015, -20.426999127910378 ], [ 57.73949060812015, -20.426909296381965 ], [ 57.739400776591737, -20.426909296381965 ], [ 57.739400776591737, -20.426819464853551 ], [ 57.739221113534917, -20.426819464853551 ], [ 57.739221113534917, -20.426729633325142 ], [ 57.739131282006504, -20.426729633325142 ], [ 57.739131282006504, -20.426639801796728 ], [ 57.739041450478091, -20.426639801796728 ], [ 57.739041450478091, -20.426460138739905 ], [ 57.739310945063323, -20.426460138739905 ], [ 57.739310945063323, -20.426010981097846 ], [ 57.739221113534917, -20.426010981097846 ], [ 57.739221113534917, -20.42583131804102 ], [ 57.739131282006504, -20.42583131804102 ], [ 57.739131282006504, -20.425561823455784 ], [ 57.739041450478091, -20.425561823455784 ], [ 57.739041450478091, -20.425471991927374 ], [ 57.738951618949677, -20.425471991927374 ], [ 57.738951618949677, -20.425292328870547 ], [ 57.738861787421264, -20.425292328870547 ], [ 57.738861787421264, -20.425112665813725 ], [ 57.738771955892851, -20.425112665813725 ], [ 57.738771955892851, -20.425022834285315 ], [ 57.738682124364445, -20.425022834285315 ], [ 57.738682124364445, -20.424933002756902 ], [ 57.738592292836032, -20.424933002756902 ], [ 57.738592292836032, -20.424753339700079 ], [ 57.738502461307618, -20.424753339700079 ], [ 57.738502461307618, -20.424663508171665 ], [ 57.738412629779205, -20.424663508171665 ], [ 57.738412629779205, -20.424483845114842 ], [ 57.738322798250792, -20.424483845114842 ], [ 57.738322798250792, -20.424304182058016 ], [ 57.738232966722386, -20.424304182058016 ], [ 57.738232966722386, -20.424124519001193 ], [ 57.738143135193972, -20.424124519001193 ], [ 57.738143135193972, -20.42394485594437 ], [ 57.738053303665559, -20.42394485594437 ], [ 57.738053303665559, -20.423855024415957 ], [ 57.737963472137146, -20.423855024415957 ], [ 57.737963472137146, -20.423675361359134 ], [ 57.737873640608733, -20.423675361359134 ], [ 57.737873640608733, -20.423585529830721 ], [ 57.737783809080319, -20.423585529830721 ], [ 57.737783809080319, -20.423405866773898 ], [ 57.737693977551913, -20.423405866773898 ], [ 57.737693977551913, -20.423316035245485 ], [ 57.7376041460235, -20.423316035245485 ], [ 57.7376041460235, -20.423226203717075 ], [ 57.737514314495087, -20.423226203717075 ], [ 57.737514314495087, -20.423046540660252 ], [ 57.737424482966674, -20.423046540660252 ], [ 57.737424482966674, -20.422956709131839 ], [ 57.73733465143826, -20.422956709131839 ], [ 57.73733465143826, -20.422777046075016 ], [ 57.737244819909854, -20.422777046075016 ], [ 57.737244819909854, -20.422597383018189 ], [ 57.737154988381441, -20.422597383018189 ], [ 57.737154988381441, -20.422417719961366 ], [ 57.737065156853028, -20.422417719961366 ], [ 57.737065156853028, -20.422238056904543 ], [ 57.736975325324615, -20.422238056904543 ], [ 57.736975325324615, -20.422058393847717 ], [ 57.736885493796201, -20.422058393847717 ], [ 57.736885493796201, -20.421788899262484 ], [ 57.736795662267788, -20.421788899262484 ], [ 57.736795662267788, -20.421429573148835 ], [ 57.736705830739382, -20.421429573148835 ], [ 57.736705830739382, -20.420890583978363 ], [ 57.736795662267788, -20.420890583978363 ], [ 57.736795662267788, -20.42071092092154 ], [ 57.737065156853028, -20.42071092092154 ], [ 57.737065156853028, -20.420621089393126 ], [ 57.737154988381441, -20.420621089393126 ], [ 57.737154988381441, -20.420441426336303 ], [ 57.737244819909854, -20.420441426336303 ], [ 57.737244819909854, -20.420261763279481 ], [ 57.73733465143826, -20.420261763279481 ], [ 57.73733465143826, -20.420082100222654 ], [ 57.737424482966674, -20.420082100222654 ], [ 57.737424482966674, -20.419812605637421 ], [ 57.737514314495087, -20.419812605637421 ], [ 57.737514314495087, -20.419722774109008 ], [ 57.7376041460235, -20.419722774109008 ], [ 57.7376041460235, -20.419632942580595 ], [ 57.737783809080319, -20.419632942580595 ], [ 57.737783809080319, -20.419543111052185 ], [ 57.737873640608733, -20.419543111052185 ], [ 57.737873640608733, -20.419453279523772 ], [ 57.737963472137146, -20.419453279523772 ], [ 57.737963472137146, -20.419363447995359 ], [ 57.738143135193972, -20.419363447995359 ], [ 57.738143135193972, -20.419273616466949 ], [ 57.738232966722386, -20.419273616466949 ], [ 57.738232966722386, -20.419183784938536 ], [ 57.738412629779205, -20.419183784938536 ], [ 57.738412629779205, -20.419093953410123 ], [ 57.738592292836032, -20.419093953410123 ], [ 57.738592292836032, -20.419004121881713 ], [ 57.738771955892851, -20.419004121881713 ], [ 57.738771955892851, -20.4189142903533 ], [ 57.738861787421264, -20.4189142903533 ], [ 57.738861787421264, -20.41882445882489 ], [ 57.739131282006504, -20.41882445882489 ], [ 57.739131282006504, -20.418644795768063 ], [ 57.739221113534917, -20.418644795768063 ], [ 57.739221113534917, -20.418465132711241 ], [ 57.739310945063323, -20.418465132711241 ], [ 57.739310945063323, -20.418375301182827 ], [ 57.739221113534917, -20.418375301182827 ], [ 57.739221113534917, -20.418195638126004 ], [ 57.739131282006504, -20.418195638126004 ], [ 57.739131282006504, -20.418105806597591 ], [ 57.739041450478091, -20.418105806597591 ], [ 57.739041450478091, -20.417926143540768 ], [ 57.738951618949677, -20.417926143540768 ], [ 57.738951618949677, -20.417836312012358 ], [ 57.738861787421264, -20.417836312012358 ], [ 57.738861787421264, -20.417656648955532 ], [ 57.738771955892851, -20.417656648955532 ], [ 57.738771955892851, -20.417476985898709 ], [ 57.738682124364445, -20.417476985898709 ], [ 57.738682124364445, -20.417297322841886 ], [ 57.738592292836032, -20.417297322841886 ], [ 57.738592292836032, -20.416848165199827 ], [ 57.738502461307618, -20.416848165199827 ], [ 57.738502461307618, -20.416578670614591 ], [ 57.738412629779205, -20.416578670614591 ], [ 57.738412629779205, -20.416309176029355 ], [ 57.738502461307618, -20.416309176029355 ], [ 57.738502461307618, -20.416219344500941 ], [ 57.738412629779205, -20.416219344500941 ], [ 57.738412629779205, -20.415410860745233 ], [ 57.738502461307618, -20.415410860745233 ], [ 57.738502461307618, -20.415321029216823 ], [ 57.738682124364445, -20.415321029216823 ], [ 57.738682124364445, -20.415141366159997 ], [ 57.738771955892851, -20.415141366159997 ], [ 57.738771955892851, -20.41523119768841 ], [ 57.738861787421264, -20.41523119768841 ], [ 57.738861787421264, -20.415321029216823 ], [ 57.738951618949677, -20.415321029216823 ], [ 57.738951618949677, -20.415410860745233 ], [ 57.739131282006504, -20.415410860745233 ], [ 57.739131282006504, -20.415321029216823 ], [ 57.739221113534917, -20.415321029216823 ], [ 57.739221113534917, -20.414961703103174 ], [ 57.739131282006504, -20.414961703103174 ], [ 57.739131282006504, -20.414871871574764 ], [ 57.739041450478091, -20.414871871574764 ], [ 57.739041450478091, -20.414782040046351 ], [ 57.738951618949677, -20.414782040046351 ], [ 57.738951618949677, -20.414512545461115 ], [ 57.738861787421264, -20.414512545461115 ], [ 57.738861787421264, -20.414422713932701 ], [ 57.738771955892851, -20.414422713932701 ], [ 57.738771955892851, -20.414332882404292 ], [ 57.738682124364445, -20.414332882404292 ], [ 57.738682124364445, -20.414153219347465 ], [ 57.738592292836032, -20.414153219347465 ], [ 57.738592292836032, -20.414063387819056 ], [ 57.738502461307618, -20.414063387819056 ], [ 57.738502461307618, -20.413883724762233 ], [ 57.738412629779205, -20.413883724762233 ], [ 57.738412629779205, -20.413704061705406 ], [ 57.738322798250792, -20.413704061705406 ], [ 57.738322798250792, -20.413614230176997 ], [ 57.738232966722386, -20.413614230176997 ], [ 57.738232966722386, -20.413524398648583 ], [ 57.738143135193972, -20.413524398648583 ], [ 57.738143135193972, -20.41334473559176 ], [ 57.738053303665559, -20.41334473559176 ], [ 57.738053303665559, -20.413254904063347 ], [ 57.737963472137146, -20.413254904063347 ], [ 57.737963472137146, -20.413165072534934 ], [ 57.737873640608733, -20.413165072534934 ], [ 57.737873640608733, -20.412985409478111 ], [ 57.737783809080319, -20.412985409478111 ], [ 57.737783809080319, -20.412895577949701 ], [ 57.737693977551913, -20.412895577949701 ], [ 57.737693977551913, -20.412805746421288 ], [ 57.7376041460235, -20.412805746421288 ], [ 57.7376041460235, -20.412626083364465 ], [ 57.737514314495087, -20.412626083364465 ], [ 57.737514314495087, -20.412536251836052 ], [ 57.737424482966674, -20.412536251836052 ], [ 57.737424482966674, -20.412446420307639 ], [ 57.73733465143826, -20.412446420307639 ], [ 57.73733465143826, -20.412356588779229 ], [ 57.737244819909854, -20.412356588779229 ], [ 57.737244819909854, -20.412266757250816 ], [ 57.737065156853028, -20.412266757250816 ], [ 57.737065156853028, -20.412176925722402 ], [ 57.736975325324615, -20.412176925722402 ], [ 57.736975325324615, -20.412087094193993 ], [ 57.736885493796201, -20.412087094193993 ], [ 57.736885493796201, -20.411997262665579 ], [ 57.736795662267788, -20.411997262665579 ], [ 57.736795662267788, -20.41190743113717 ], [ 57.736705830739382, -20.41190743113717 ], [ 57.736705830739382, -20.411817599608757 ], [ 57.736615999210969, -20.411817599608757 ], [ 57.736615999210969, -20.411727768080343 ], [ 57.736526167682555, -20.411727768080343 ], [ 57.736526167682555, -20.411637936551934 ], [ 57.736346504625729, -20.411637936551934 ], [ 57.736346504625729, -20.41154810502352 ], [ 57.73616684156891, -20.41154810502352 ], [ 57.73616684156891, -20.411278610438284 ], [ 57.736077010040496, -20.411278610438284 ], [ 57.736077010040496, -20.411188778909871 ], [ 57.735987178512083, -20.411188778909871 ], [ 57.735987178512083, -20.410919284324638 ], [ 57.73589734698367, -20.410919284324638 ], [ 57.73589734698367, -20.410739621267812 ], [ 57.735807515455257, -20.410739621267812 ], [ 57.735807515455257, -20.410649789739402 ], [ 57.73571768392685, -20.410649789739402 ], [ 57.73571768392685, -20.410559958210989 ], [ 57.735627852398437, -20.410559958210989 ], [ 57.735627852398437, -20.410470126682576 ], [ 57.735538020870024, -20.410470126682576 ], [ 57.735538020870024, -20.410380295154166 ], [ 57.734999031699552, -20.410380295154166 ], [ 57.734999031699552, -20.410470126682576 ], [ 57.734639705585906, -20.410470126682576 ], [ 57.734639705585906, -20.410380295154166 ], [ 57.734460042529079, -20.410380295154166 ], [ 57.734460042529079, -20.410290463625753 ], [ 57.73428037947226, -20.410290463625753 ], [ 57.73428037947226, -20.41011080056893 ], [ 57.734190547943847, -20.41011080056893 ], [ 57.734190547943847, -20.409931137512107 ], [ 57.734100716415433, -20.409931137512107 ], [ 57.734100716415433, -20.40975147445528 ], [ 57.73401088488702, -20.40975147445528 ], [ 57.73401088488702, -20.409481979870044 ], [ 57.733921053358607, -20.409481979870044 ], [ 57.733921053358607, -20.409302316813221 ], [ 57.733831221830194, -20.409302316813221 ], [ 57.733831221830194, -20.409212485284808 ], [ 57.733561727244961, -20.409212485284808 ], [ 57.733561727244961, -20.409122653756398 ], [ 57.733471895716548, -20.409122653756398 ], [ 57.733471895716548, -20.408853159171162 ], [ 57.733382064188135, -20.408853159171162 ], [ 57.733382064188135, -20.408673496114339 ], [ 57.733292232659728, -20.408673496114339 ], [ 57.733292232659728, -20.40831417000069 ], [ 57.733202401131315, -20.40831417000069 ], [ 57.733202401131315, -20.408224338472277 ], [ 57.733112569602902, -20.408224338472277 ], [ 57.733112569602902, -20.408134506943867 ], [ 57.732932906546075, -20.408134506943867 ], [ 57.732932906546075, -20.407954843887044 ], [ 57.732843075017662, -20.407954843887044 ], [ 57.732843075017662, -20.407865012358631 ], [ 57.732753243489256, -20.407865012358631 ], [ 57.732753243489256, -20.407775180830217 ], [ 57.732663411960843, -20.407775180830217 ], [ 57.732663411960843, -20.407595517773395 ], [ 57.732753243489256, -20.407595517773395 ], [ 57.732753243489256, -20.407415854716572 ], [ 57.732663411960843, -20.407415854716572 ], [ 57.732663411960843, -20.407236191659745 ], [ 57.732843075017662, -20.407236191659745 ], [ 57.732843075017662, -20.406966697074512 ], [ 57.732932906546075, -20.406966697074512 ], [ 57.732932906546075, -20.406158213318804 ], [ 57.732843075017662, -20.406158213318804 ], [ 57.732843075017662, -20.405978550261977 ], [ 57.732753243489256, -20.405978550261977 ], [ 57.732753243489256, -20.405888718733568 ], [ 57.732663411960843, -20.405888718733568 ], [ 57.732663411960843, -20.405798887205155 ], [ 57.732483748904016, -20.405798887205155 ], [ 57.732483748904016, -20.405709055676745 ], [ 57.732304085847197, -20.405709055676745 ], [ 57.732304085847197, -20.405619224148332 ], [ 57.732214254318784, -20.405619224148332 ], [ 57.732214254318784, -20.405529392619918 ], [ 57.732034591261957, -20.405529392619918 ], [ 57.732034591261957, -20.405709055676745 ], [ 57.731765096676725, -20.405709055676745 ], [ 57.731765096676725, -20.405619224148332 ], [ 57.731585433619898, -20.405619224148332 ], [ 57.731585433619898, -20.405529392619918 ], [ 57.731315939034658, -20.405529392619918 ], [ 57.731315939034658, -20.405439561091509 ], [ 57.731226107506252, -20.405439561091509 ], [ 57.731226107506252, -20.405259898034682 ], [ 57.731136275977839, -20.405259898034682 ], [ 57.731136275977839, -20.405170066506273 ], [ 57.731226107506252, -20.405170066506273 ], [ 57.731226107506252, -20.404990403449446 ], [ 57.731315939034658, -20.404990403449446 ], [ 57.731315939034658, -20.404900571921036 ], [ 57.731405770563072, -20.404900571921036 ], [ 57.731405770563072, -20.404720908864213 ], [ 57.731315939034658, -20.404720908864213 ], [ 57.731315939034658, -20.404541245807387 ], [ 57.731226107506252, -20.404541245807387 ], [ 57.731226107506252, -20.404361582750564 ], [ 57.731136275977839, -20.404361582750564 ], [ 57.731136275977839, -20.404271751222151 ], [ 57.731046444449426, -20.404271751222151 ], [ 57.731046444449426, -20.404181919693741 ], [ 57.730866781392599, -20.404181919693741 ], [ 57.730866781392599, -20.404092088165328 ], [ 57.730058297636894, -20.404092088165328 ], [ 57.730058297636894, -20.404002256636915 ], [ 57.729339645409596, -20.404002256636915 ], [ 57.729339645409596, -20.403912425108505 ], [ 57.729159982352776, -20.403912425108505 ], [ 57.729159982352776, -20.403642930523269 ], [ 57.729070150824363, -20.403642930523269 ], [ 57.729070150824363, -20.403553098994855 ], [ 57.729159982352776, -20.403553098994855 ], [ 57.729159982352776, -20.403463267466446 ], [ 57.728620993182304, -20.403463267466446 ], [ 57.728620993182304, -20.403373435938033 ], [ 57.728531161653891, -20.403373435938033 ], [ 57.728531161653891, -20.403283604409619 ], [ 57.728441330125477, -20.403283604409619 ], [ 57.728441330125477, -20.40319377288121 ], [ 57.728171835540245, -20.40319377288121 ], [ 57.728171835540245, -20.403103941352796 ], [ 57.727992172483418, -20.403103941352796 ], [ 57.727992172483418, -20.403014109824383 ], [ 57.727812509426599, -20.403014109824383 ], [ 57.727812509426599, -20.402924278295973 ], [ 57.727722677898186, -20.402924278295973 ], [ 57.727722677898186, -20.40283444676756 ], [ 57.727543014841359, -20.40283444676756 ], [ 57.727543014841359, -20.402744615239151 ], [ 57.727363351784533, -20.402744615239151 ], [ 57.727363351784533, -20.402654783710737 ], [ 57.727273520256126, -20.402654783710737 ], [ 57.727273520256126, -20.402564952182324 ], [ 57.727183688727713, -20.402564952182324 ], [ 57.727183688727713, -20.402475120653914 ], [ 57.726914194142473, -20.402475120653914 ], [ 57.726914194142473, -20.401666636898206 ], [ 57.726824362614067, -20.401666636898206 ], [ 57.726824362614067, -20.401127647727733 ], [ 57.726734531085654, -20.401127647727733 ], [ 57.726734531085654, -20.400588658557261 ], [ 57.726644699557241, -20.400588658557261 ], [ 57.726644699557241, -20.400229332443615 ], [ 57.726554868028828, -20.400229332443615 ], [ 57.726554868028828, -20.400049669386789 ], [ 57.726465036500414, -20.400049669386789 ], [ 57.726465036500414, -20.39960051174473 ], [ 57.726375204972001, -20.39960051174473 ], [ 57.726375204972001, -20.399420848687907 ], [ 57.726195541915182, -20.399420848687907 ], [ 57.726195541915182, -20.399241185631084 ], [ 57.726015878858355, -20.399241185631084 ], [ 57.726015878858355, -20.399151354102671 ], [ 57.725926047329942, -20.399151354102671 ], [ 57.725926047329942, -20.399061522574257 ], [ 57.725836215801536, -20.399061522574257 ], [ 57.725836215801536, -20.398971691045848 ], [ 57.725746384273123, -20.398971691045848 ], [ 57.725746384273123, -20.398792027989025 ], [ 57.725566721216296, -20.398792027989025 ], [ 57.725566721216296, -20.398702196460611 ], [ 57.72538705815947, -20.398702196460611 ], [ 57.72538705815947, -20.398612364932198 ], [ 57.725297226631064, -20.398612364932198 ], [ 57.725297226631064, -20.398522533403789 ], [ 57.72520739510265, -20.398522533403789 ], [ 57.72520739510265, -20.398432701875375 ], [ 57.725117563574237, -20.398432701875375 ], [ 57.725117563574237, -20.398342870346962 ], [ 57.724937900517411, -20.398342870346962 ], [ 57.724937900517411, -20.398253038818552 ], [ 57.724848068989004, -20.398253038818552 ], [ 57.724848068989004, -20.398163207290139 ], [ 57.724758237460591, -20.398163207290139 ], [ 57.724758237460591, -20.398073375761726 ], [ 57.724668405932178, -20.398073375761726 ], [ 57.724668405932178, -20.397893712704903 ], [ 57.724488742875351, -20.397893712704903 ], [ 57.724488742875351, -20.397803881176493 ], [ 57.724398911346938, -20.397803881176493 ], [ 57.724398911346938, -20.39771404964808 ], [ 57.724219248290119, -20.39771404964808 ], [ 57.724219248290119, -20.397624218119667 ], [ 57.724129416761706, -20.397624218119667 ], [ 57.724129416761706, -20.397534386591257 ], [ 57.724039585233292, -20.397534386591257 ], [ 57.724039585233292, -20.397444555062844 ], [ 57.723859922176473, -20.397444555062844 ], [ 57.723859922176473, -20.397354723534431 ], [ 57.72377009064806, -20.397354723534431 ], [ 57.72377009064806, -20.397264892006021 ], [ 57.723680259119647, -20.397264892006021 ], [ 57.723680259119647, -20.397085228949194 ], [ 57.723590427591233, -20.397085228949194 ], [ 57.723590427591233, -20.396995397420785 ], [ 57.72350059606282, -20.396995397420785 ], [ 57.72350059606282, -20.396905565892371 ], [ 57.723410764534407, -20.396905565892371 ], [ 57.723410764534407, -20.396725902835549 ], [ 57.723320933006001, -20.396725902835549 ], [ 57.723320933006001, -20.396546239778726 ], [ 57.723231101477587, -20.396546239778726 ], [ 57.723231101477587, -20.396366576721899 ], [ 57.723141269949174, -20.396366576721899 ], [ 57.723141269949174, -20.396186913665076 ], [ 57.723051438420761, -20.396186913665076 ], [ 57.723051438420761, -20.396007250608253 ], [ 57.722961606892348, -20.396007250608253 ], [ 57.722961606892348, -20.39591741907984 ], [ 57.722871775363942, -20.39591741907984 ], [ 57.722871775363942, -20.39582758755143 ], [ 57.722781943835528, -20.39582758755143 ], [ 57.722781943835528, -20.395737756023017 ], [ 57.722692112307115, -20.395737756023017 ], [ 57.722692112307115, -20.395647924494604 ], [ 57.722602280778702, -20.395647924494604 ], [ 57.722602280778702, -20.395558092966194 ], [ 57.722422617721875, -20.395558092966194 ], [ 57.722422617721875, -20.395378429909368 ], [ 57.722332786193469, -20.395378429909368 ], [ 57.722332786193469, -20.395198766852545 ], [ 57.722242954665056, -20.395198766852545 ], [ 57.722242954665056, -20.395108935324131 ], [ 57.722063291608229, -20.395108935324131 ], [ 57.722063291608229, -20.395019103795722 ], [ 57.72188362855141, -20.395019103795722 ], [ 57.72188362855141, -20.394929272267309 ], [ 57.721793797022997, -20.394929272267309 ], [ 57.721793797022997, -20.394839440738899 ], [ 57.721703965494584, -20.394839440738899 ], [ 57.721703965494584, -20.394749609210486 ], [ 57.721434470909344, -20.394749609210486 ], [ 57.721434470909344, -20.394659777682072 ], [ 57.721344639380938, -20.394659777682072 ], [ 57.721344639380938, -20.394569946153663 ], [ 57.721164976324111, -20.394569946153663 ], [ 57.721164976324111, -20.394659777682072 ], [ 57.720985313267285, -20.394659777682072 ], [ 57.720985313267285, -20.394569946153663 ], [ 57.720805650210465, -20.394569946153663 ], [ 57.720805650210465, -20.394480114625249 ], [ 57.720715818682052, -20.394480114625249 ], [ 57.720715818682052, -20.394300451568427 ], [ 57.720625987153639, -20.394300451568427 ], [ 57.720625987153639, -20.3941207885116 ], [ 57.720446324096812, -20.3941207885116 ], [ 57.720446324096812, -20.39403095698319 ], [ 57.720356492568406, -20.39403095698319 ], [ 57.720356492568406, -20.393851293926367 ], [ 57.720266661039993, -20.393851293926367 ], [ 57.720266661039993, -20.393761462397954 ], [ 57.72017682951158, -20.393761462397954 ], [ 57.72017682951158, -20.393671630869541 ], [ 57.720266661039993, -20.393671630869541 ], [ 57.720266661039993, -20.393581799341131 ], [ 57.720356492568406, -20.393581799341131 ], [ 57.720356492568406, -20.393491967812718 ], [ 57.720446324096812, -20.393491967812718 ], [ 57.720446324096812, -20.393042810170659 ], [ 57.720536155625226, -20.393042810170659 ], [ 57.720536155625226, -20.392952978642246 ], [ 57.720625987153639, -20.392952978642246 ], [ 57.720625987153639, -20.392683484057009 ], [ 57.720446324096812, -20.392683484057009 ], [ 57.720446324096812, -20.3925936525286 ], [ 57.720356492568406, -20.3925936525286 ], [ 57.720356492568406, -20.392503821000187 ], [ 57.719997166454753, -20.392503821000187 ], [ 57.719997166454753, -20.392413989471773 ], [ 57.719907334926347, -20.392413989471773 ], [ 57.719907334926347, -20.39223432641495 ], [ 57.719817503397934, -20.39223432641495 ], [ 57.719817503397934, -20.392054663358127 ], [ 57.719727671869521, -20.392054663358127 ], [ 57.719727671869521, -20.391964831829714 ], [ 57.719637840341107, -20.391964831829714 ], [ 57.719637840341107, -20.391875000301305 ], [ 57.719548008812694, -20.391875000301305 ], [ 57.719548008812694, -20.391605505716068 ], [ 57.719458177284281, -20.391605505716068 ], [ 57.719458177284281, -20.391425842659242 ], [ 57.719368345755875, -20.391425842659242 ], [ 57.719368345755875, -20.391336011130832 ], [ 57.719278514227462, -20.391336011130832 ], [ 57.719278514227462, -20.391246179602419 ], [ 57.719188682699048, -20.391246179602419 ], [ 57.719188682699048, -20.391156348074006 ], [ 57.719098851170635, -20.391156348074006 ], [ 57.719098851170635, -20.391066516545596 ], [ 57.719009019642222, -20.391066516545596 ], [ 57.719009019642222, -20.390886853488773 ], [ 57.718919188113816, -20.390886853488773 ], [ 57.718919188113816, -20.390347864318301 ], [ 57.718829356585402, -20.390347864318301 ], [ 57.718829356585402, -20.390258032789887 ], [ 57.718739525056989, -20.390258032789887 ], [ 57.718739525056989, -20.390168201261474 ], [ 57.718649693528576, -20.390168201261474 ], [ 57.718649693528576, -20.390078369733065 ], [ 57.718559862000163, -20.390078369733065 ], [ 57.718559862000163, -20.389988538204651 ], [ 57.71847003047175, -20.389988538204651 ], [ 57.71847003047175, -20.389808875147828 ], [ 57.718380198943343, -20.389808875147828 ], [ 57.718380198943343, -20.389629212091005 ], [ 57.71829036741493, -20.389629212091005 ], [ 57.71829036741493, -20.389539380562592 ], [ 57.718200535886517, -20.389539380562592 ], [ 57.718200535886517, -20.389449549034179 ], [ 57.718110704358104, -20.389449549034179 ], [ 57.718110704358104, -20.389269885977356 ], [ 57.71802087282969, -20.389269885977356 ], [ 57.71802087282969, -20.389180054448943 ], [ 57.717931041301284, -20.389180054448943 ], [ 57.717931041301284, -20.38900039139212 ], [ 57.717841209772871, -20.38900039139212 ], [ 57.717841209772871, -20.388910559863707 ], [ 57.717751378244458, -20.388910559863707 ], [ 57.717751378244458, -20.388730896806884 ], [ 57.717661546716045, -20.388730896806884 ], [ 57.717661546716045, -20.388641065278474 ], [ 57.717571715187631, -20.388641065278474 ], [ 57.717571715187631, -20.388551233750061 ], [ 57.717481883659218, -20.388551233750061 ], [ 57.717481883659218, -20.388461402221647 ], [ 57.717392052130812, -20.388461402221647 ], [ 57.717392052130812, -20.388371570693238 ], [ 57.717302220602399, -20.388371570693238 ], [ 57.717302220602399, -20.388281739164825 ], [ 57.717212389073985, -20.388281739164825 ], [ 57.717212389073985, -20.388191907636411 ], [ 57.717122557545572, -20.388191907636411 ], [ 57.717122557545572, -20.388102076108002 ], [ 57.717032726017159, -20.388102076108002 ], [ 57.717032726017159, -20.388012244579588 ], [ 57.716942894488753, -20.388012244579588 ], [ 57.716942894488753, -20.387922413051175 ], [ 57.71685306296034, -20.387922413051175 ], [ 57.71685306296034, -20.387832581522765 ], [ 57.716673399903513, -20.387832581522765 ], [ 57.716673399903513, -20.387742749994352 ], [ 57.7165835683751, -20.387742749994352 ], [ 57.7165835683751, -20.387652918465943 ], [ 57.71640390531828, -20.387652918465943 ], [ 57.71640390531828, -20.387563086937529 ], [ 57.716314073789867, -20.387563086937529 ], [ 57.716314073789867, -20.387473255409116 ], [ 57.716134410733041, -20.387473255409116 ], [ 57.716134410733041, -20.387383423880706 ], [ 57.715954747676221, -20.387383423880706 ], [ 57.715954747676221, -20.387293592352293 ], [ 57.715775084619395, -20.387293592352293 ], [ 57.715775084619395, -20.38720376082388 ], [ 57.715595421562568, -20.38720376082388 ], [ 57.715595421562568, -20.38711392929547 ], [ 57.715505590034155, -20.38711392929547 ], [ 57.715505590034155, -20.387024097767057 ], [ 57.715236095448923, -20.387024097767057 ], [ 57.715236095448923, -20.386934266238644 ], [ 57.715056432392096, -20.386934266238644 ], [ 57.715056432392096, -20.386844434710234 ], [ 57.71469710627845, -20.386844434710234 ], [ 57.71469710627845, -20.386754603181821 ], [ 57.714427611693218, -20.386754603181821 ], [ 57.714427611693218, -20.386664771653411 ], [ 57.714068285579565, -20.386664771653411 ], [ 57.714068285579565, -20.386574940124998 ], [ 57.713708959465919, -20.386574940124998 ], [ 57.713708959465919, -20.386485108596585 ], [ 57.713529296409092, -20.386485108596585 ], [ 57.713529296409092, -20.386395277068175 ], [ 57.713080138767033, -20.386395277068175 ] ], [ [ 57.724039585233292, -20.405080234977859 ], [ 57.724309079818532, -20.405080234977859 ], [ 57.724309079818532, -20.405170066506273 ], [ 57.724488742875351, -20.405170066506273 ], [ 57.724488742875351, -20.405080234977859 ], [ 57.724578574403765, -20.405080234977859 ], [ 57.724578574403765, -20.405170066506273 ], [ 57.724668405932178, -20.405170066506273 ], [ 57.724668405932178, -20.405349729563095 ], [ 57.724758237460591, -20.405349729563095 ], [ 57.724758237460591, -20.405439561091509 ], [ 57.724848068989004, -20.405439561091509 ], [ 57.724848068989004, -20.405529392619918 ], [ 57.724937900517411, -20.405529392619918 ], [ 57.724937900517411, -20.405619224148332 ], [ 57.725117563574237, -20.405619224148332 ], [ 57.725117563574237, -20.405709055676745 ], [ 57.725297226631064, -20.405709055676745 ], [ 57.725297226631064, -20.405798887205155 ], [ 57.72538705815947, -20.405798887205155 ], [ 57.72538705815947, -20.405888718733568 ], [ 57.725566721216296, -20.405888718733568 ], [ 57.725566721216296, -20.405978550261977 ], [ 57.725656552744709, -20.405978550261977 ], [ 57.725656552744709, -20.406068381790391 ], [ 57.725746384273123, -20.406068381790391 ], [ 57.725746384273123, -20.406248044847214 ], [ 57.725836215801536, -20.406248044847214 ], [ 57.725836215801536, -20.406337876375627 ], [ 57.725926047329942, -20.406337876375627 ], [ 57.725926047329942, -20.40642770790404 ], [ 57.726015878858355, -20.40642770790404 ], [ 57.726015878858355, -20.40651753943245 ], [ 57.726105710386769, -20.40651753943245 ], [ 57.726105710386769, -20.406607370960863 ], [ 57.726195541915182, -20.406607370960863 ], [ 57.726195541915182, -20.406697202489276 ], [ 57.726285373443595, -20.406697202489276 ], [ 57.726285373443595, -20.406787034017686 ], [ 57.726375204972001, -20.406787034017686 ], [ 57.726375204972001, -20.406876865546099 ], [ 57.726465036500414, -20.406876865546099 ], [ 57.726465036500414, -20.407056528602922 ], [ 57.726554868028828, -20.407056528602922 ], [ 57.726554868028828, -20.407146360131335 ], [ 57.726644699557241, -20.407146360131335 ], [ 57.726644699557241, -20.407236191659745 ], [ 57.726734531085654, -20.407236191659745 ], [ 57.726734531085654, -20.407326023188158 ], [ 57.726824362614067, -20.407326023188158 ], [ 57.726824362614067, -20.407415854716572 ], [ 57.726914194142473, -20.407415854716572 ], [ 57.726914194142473, -20.407505686244981 ], [ 57.727004025670887, -20.407505686244981 ], [ 57.727004025670887, -20.407595517773395 ], [ 57.7270938571993, -20.407595517773395 ], [ 57.7270938571993, -20.407685349301808 ], [ 57.727183688727713, -20.407685349301808 ], [ 57.727183688727713, -20.407775180830217 ], [ 57.727363351784533, -20.407775180830217 ], [ 57.727363351784533, -20.407865012358631 ], [ 57.727453183312946, -20.407865012358631 ], [ 57.727453183312946, -20.407954843887044 ], [ 57.727543014841359, -20.407954843887044 ], [ 57.727543014841359, -20.408044675415454 ], [ 57.727632846369772, -20.408044675415454 ], [ 57.727632846369772, -20.408134506943867 ], [ 57.727812509426599, -20.408134506943867 ], [ 57.727812509426599, -20.408224338472277 ], [ 57.727902340955005, -20.408224338472277 ], [ 57.727902340955005, -20.40831417000069 ], [ 57.727992172483418, -20.40831417000069 ], [ 57.727992172483418, -20.408404001529103 ], [ 57.728082004011831, -20.408404001529103 ], [ 57.728082004011831, -20.408493833057513 ], [ 57.728261667068658, -20.408493833057513 ], [ 57.728261667068658, -20.408583664585926 ], [ 57.728351498597064, -20.408583664585926 ], [ 57.728351498597064, -20.408673496114339 ], [ 57.728441330125477, -20.408673496114339 ], [ 57.728441330125477, -20.408763327642749 ], [ 57.728531161653891, -20.408763327642749 ], [ 57.728531161653891, -20.408853159171162 ], [ 57.728620993182304, -20.408853159171162 ], [ 57.728620993182304, -20.408942990699575 ], [ 57.728710824710717, -20.408942990699575 ], [ 57.728710824710717, -20.409032822227985 ], [ 57.728890487767536, -20.409032822227985 ], [ 57.728890487767536, -20.409212485284808 ], [ 57.729159982352776, -20.409212485284808 ], [ 57.729159982352776, -20.409302316813221 ], [ 57.729339645409596, -20.409302316813221 ], [ 57.729339645409596, -20.409392148341635 ], [ 57.729429476938009, -20.409392148341635 ], [ 57.729429476938009, -20.409481979870044 ], [ 57.729609139994835, -20.409481979870044 ], [ 57.729609139994835, -20.409571811398457 ], [ 57.729698971523248, -20.409571811398457 ], [ 57.729698971523248, -20.409661642926871 ], [ 57.729788803051662, -20.409661642926871 ], [ 57.729788803051662, -20.40975147445528 ], [ 57.729878634580068, -20.40975147445528 ], [ 57.729878634580068, -20.409841305983694 ], [ 57.730058297636894, -20.409841305983694 ], [ 57.730058297636894, -20.409931137512107 ], [ 57.730148129165308, -20.409931137512107 ], [ 57.730148129165308, -20.410020969040517 ], [ 57.730237960693721, -20.410020969040517 ], [ 57.730237960693721, -20.410200632097339 ], [ 57.730327792222127, -20.410200632097339 ], [ 57.730327792222127, -20.410290463625753 ], [ 57.73041762375054, -20.410290463625753 ], [ 57.73041762375054, -20.410470126682576 ], [ 57.730507455278953, -20.410470126682576 ], [ 57.730507455278953, -20.410739621267812 ], [ 57.730597286807367, -20.410739621267812 ], [ 57.730597286807367, -20.410919284324638 ], [ 57.73068711833578, -20.410919284324638 ], [ 57.73068711833578, -20.411009115853048 ], [ 57.730776949864193, -20.411009115853048 ], [ 57.730776949864193, -20.411278610438284 ], [ 57.730866781392599, -20.411278610438284 ], [ 57.730866781392599, -20.411458273495107 ], [ 57.730956612921013, -20.411458273495107 ], [ 57.730956612921013, -20.41154810502352 ], [ 57.731046444449426, -20.41154810502352 ], [ 57.731046444449426, -20.411637936551934 ], [ 57.731136275977839, -20.411637936551934 ], [ 57.731136275977839, -20.411727768080343 ], [ 57.731226107506252, -20.411727768080343 ], [ 57.731226107506252, -20.41190743113717 ], [ 57.731315939034658, -20.41190743113717 ], [ 57.731315939034658, -20.412356588779229 ], [ 57.731405770563072, -20.412356588779229 ], [ 57.731405770563072, -20.414243050875879 ], [ 57.731495602091485, -20.414243050875879 ], [ 57.731495602091485, -20.414332882404292 ], [ 57.731585433619898, -20.414332882404292 ], [ 57.731585433619898, -20.414602376989528 ], [ 57.731675265148311, -20.414602376989528 ], [ 57.731675265148311, -20.414871871574764 ], [ 57.731765096676725, -20.414871871574764 ], [ 57.731765096676725, -20.415051534631587 ], [ 57.731854928205131, -20.415051534631587 ], [ 57.731854928205131, -20.415321029216823 ], [ 57.731944759733544, -20.415321029216823 ], [ 57.731944759733544, -20.416488839086178 ], [ 57.731854928205131, -20.416488839086178 ], [ 57.731854928205131, -20.416578670614591 ], [ 57.731765096676725, -20.416578670614591 ], [ 57.731765096676725, -20.416668502143001 ], [ 57.731585433619898, -20.416668502143001 ], [ 57.731585433619898, -20.416578670614591 ], [ 57.731495602091485, -20.416578670614591 ], [ 57.731495602091485, -20.416488839086178 ], [ 57.731405770563072, -20.416488839086178 ], [ 57.731405770563072, -20.416399007557764 ], [ 57.731315939034658, -20.416399007557764 ], [ 57.731315939034658, -20.416129512972528 ], [ 57.731226107506252, -20.416129512972528 ], [ 57.731226107506252, -20.415770186858882 ], [ 57.731315939034658, -20.415770186858882 ], [ 57.731315939034658, -20.415410860745233 ], [ 57.731405770563072, -20.415410860745233 ], [ 57.731405770563072, -20.415321029216823 ], [ 57.731315939034658, -20.415321029216823 ], [ 57.731315939034658, -20.414782040046351 ], [ 57.731226107506252, -20.414782040046351 ], [ 57.731226107506252, -20.414332882404292 ], [ 57.731315939034658, -20.414332882404292 ], [ 57.731315939034658, -20.413973556290642 ], [ 57.731226107506252, -20.413973556290642 ], [ 57.731226107506252, -20.413883724762233 ], [ 57.731136275977839, -20.413883724762233 ], [ 57.731136275977839, -20.413793893233819 ], [ 57.731046444449426, -20.413793893233819 ], [ 57.731046444449426, -20.413704061705406 ], [ 57.730956612921013, -20.413704061705406 ], [ 57.730956612921013, -20.413614230176997 ], [ 57.730866781392599, -20.413614230176997 ], [ 57.730866781392599, -20.41343456712017 ], [ 57.730776949864193, -20.41343456712017 ], [ 57.730776949864193, -20.41334473559176 ], [ 57.73068711833578, -20.41334473559176 ], [ 57.73068711833578, -20.413165072534934 ], [ 57.730597286807367, -20.413165072534934 ], [ 57.730597286807367, -20.413075241006524 ], [ 57.730507455278953, -20.413075241006524 ], [ 57.730507455278953, -20.412895577949701 ], [ 57.73041762375054, -20.412895577949701 ], [ 57.73041762375054, -20.412805746421288 ], [ 57.730327792222127, -20.412805746421288 ], [ 57.730327792222127, -20.412626083364465 ], [ 57.730237960693721, -20.412626083364465 ], [ 57.730237960693721, -20.412446420307639 ], [ 57.730148129165308, -20.412446420307639 ], [ 57.730148129165308, -20.412266757250816 ], [ 57.730058297636894, -20.412266757250816 ], [ 57.730058297636894, -20.412087094193993 ], [ 57.729968466108481, -20.412087094193993 ], [ 57.729968466108481, -20.41190743113717 ], [ 57.729878634580068, -20.41190743113717 ], [ 57.729878634580068, -20.41154810502352 ], [ 57.729788803051662, -20.41154810502352 ], [ 57.729788803051662, -20.411368441966697 ], [ 57.729698971523248, -20.411368441966697 ], [ 57.729698971523248, -20.411188778909871 ], [ 57.729609139994835, -20.411188778909871 ], [ 57.729609139994835, -20.411098947381461 ], [ 57.729519308466422, -20.411098947381461 ], [ 57.729519308466422, -20.410919284324638 ], [ 57.729429476938009, -20.410919284324638 ], [ 57.729429476938009, -20.410829452796225 ], [ 57.729339645409596, -20.410829452796225 ], [ 57.729339645409596, -20.410559958210989 ], [ 57.729249813881189, -20.410559958210989 ], [ 57.729249813881189, -20.410470126682576 ], [ 57.729159982352776, -20.410470126682576 ], [ 57.729159982352776, -20.410380295154166 ], [ 57.729070150824363, -20.410380295154166 ], [ 57.729070150824363, -20.410200632097339 ], [ 57.72898031929595, -20.410200632097339 ], [ 57.72898031929595, -20.41011080056893 ], [ 57.728890487767536, -20.41011080056893 ], [ 57.728890487767536, -20.410020969040517 ], [ 57.72880065623913, -20.410020969040517 ], [ 57.72880065623913, -20.409931137512107 ], [ 57.728710824710717, -20.409931137512107 ], [ 57.728710824710717, -20.409841305983694 ], [ 57.728620993182304, -20.409841305983694 ], [ 57.728620993182304, -20.40975147445528 ], [ 57.728531161653891, -20.40975147445528 ], [ 57.728531161653891, -20.409661642926871 ], [ 57.728441330125477, -20.409661642926871 ], [ 57.728441330125477, -20.409571811398457 ], [ 57.728351498597064, -20.409571811398457 ], [ 57.728351498597064, -20.409481979870044 ], [ 57.728261667068658, -20.409481979870044 ], [ 57.728261667068658, -20.409392148341635 ], [ 57.728171835540245, -20.409392148341635 ], [ 57.728171835540245, -20.409302316813221 ], [ 57.728082004011831, -20.409302316813221 ], [ 57.728082004011831, -20.409212485284808 ], [ 57.727722677898186, -20.409212485284808 ], [ 57.727722677898186, -20.409122653756398 ], [ 57.727632846369772, -20.409122653756398 ], [ 57.727632846369772, -20.409032822227985 ], [ 57.727543014841359, -20.409032822227985 ], [ 57.727543014841359, -20.408942990699575 ], [ 57.727363351784533, -20.408942990699575 ], [ 57.727363351784533, -20.408853159171162 ], [ 57.727273520256126, -20.408853159171162 ], [ 57.727273520256126, -20.408673496114339 ], [ 57.727183688727713, -20.408673496114339 ], [ 57.727183688727713, -20.408583664585926 ], [ 57.7270938571993, -20.408583664585926 ], [ 57.7270938571993, -20.408493833057513 ], [ 57.727004025670887, -20.408493833057513 ], [ 57.727004025670887, -20.408404001529103 ], [ 57.726914194142473, -20.408404001529103 ], [ 57.726914194142473, -20.40831417000069 ], [ 57.726824362614067, -20.40831417000069 ], [ 57.726824362614067, -20.408134506943867 ], [ 57.726734531085654, -20.408134506943867 ], [ 57.726734531085654, -20.408044675415454 ], [ 57.726644699557241, -20.408044675415454 ], [ 57.726644699557241, -20.407954843887044 ], [ 57.726554868028828, -20.407954843887044 ], [ 57.726554868028828, -20.407865012358631 ], [ 57.726465036500414, -20.407865012358631 ], [ 57.726465036500414, -20.407775180830217 ], [ 57.726285373443595, -20.407775180830217 ], [ 57.726285373443595, -20.407685349301808 ], [ 57.726195541915182, -20.407685349301808 ], [ 57.726195541915182, -20.407595517773395 ], [ 57.726105710386769, -20.407595517773395 ], [ 57.726105710386769, -20.407505686244981 ], [ 57.725926047329942, -20.407505686244981 ], [ 57.725926047329942, -20.407415854716572 ], [ 57.725836215801536, -20.407415854716572 ], [ 57.725836215801536, -20.407326023188158 ], [ 57.725746384273123, -20.407326023188158 ], [ 57.725746384273123, -20.407236191659745 ], [ 57.725566721216296, -20.407236191659745 ], [ 57.725566721216296, -20.407146360131335 ], [ 57.725476889687883, -20.407146360131335 ], [ 57.725476889687883, -20.407056528602922 ], [ 57.72538705815947, -20.407056528602922 ], [ 57.72538705815947, -20.406966697074512 ], [ 57.725297226631064, -20.406966697074512 ], [ 57.725297226631064, -20.406876865546099 ], [ 57.72520739510265, -20.406876865546099 ], [ 57.72520739510265, -20.406787034017686 ], [ 57.725117563574237, -20.406787034017686 ], [ 57.725117563574237, -20.406697202489276 ], [ 57.725027732045824, -20.406697202489276 ], [ 57.725027732045824, -20.406607370960863 ], [ 57.724937900517411, -20.406607370960863 ], [ 57.724937900517411, -20.40651753943245 ], [ 57.724848068989004, -20.40651753943245 ], [ 57.724848068989004, -20.40642770790404 ], [ 57.724758237460591, -20.40642770790404 ], [ 57.724758237460591, -20.406248044847214 ], [ 57.724668405932178, -20.406248044847214 ], [ 57.724668405932178, -20.406068381790391 ], [ 57.724578574403765, -20.406068381790391 ], [ 57.724578574403765, -20.405978550261977 ], [ 57.724488742875351, -20.405978550261977 ], [ 57.724488742875351, -20.405798887205155 ], [ 57.724398911346938, -20.405798887205155 ], [ 57.724398911346938, -20.405619224148332 ], [ 57.724309079818532, -20.405619224148332 ], [ 57.724309079818532, -20.405529392619918 ], [ 57.724219248290119, -20.405529392619918 ], [ 57.724219248290119, -20.405439561091509 ], [ 57.724129416761706, -20.405439561091509 ], [ 57.724129416761706, -20.405259898034682 ], [ 57.724039585233292, -20.405259898034682 ], [ 57.724039585233292, -20.405080234977859 ] ], [ [ 57.724668405932178, -20.411188778909871 ], [ 57.724758237460591, -20.411188778909871 ], [ 57.724758237460591, -20.411278610438284 ], [ 57.724937900517411, -20.411278610438284 ], [ 57.724937900517411, -20.411368441966697 ], [ 57.725027732045824, -20.411368441966697 ], [ 57.725027732045824, -20.411458273495107 ], [ 57.725117563574237, -20.411458273495107 ], [ 57.725117563574237, -20.41154810502352 ], [ 57.72520739510265, -20.41154810502352 ], [ 57.72520739510265, -20.411637936551934 ], [ 57.725297226631064, -20.411637936551934 ], [ 57.725297226631064, -20.411727768080343 ], [ 57.72538705815947, -20.411727768080343 ], [ 57.72538705815947, -20.411817599608757 ], [ 57.725476889687883, -20.411817599608757 ], [ 57.725476889687883, -20.411997262665579 ], [ 57.725566721216296, -20.411997262665579 ], [ 57.725566721216296, -20.412087094193993 ], [ 57.725656552744709, -20.412087094193993 ], [ 57.725656552744709, -20.412266757250816 ], [ 57.725746384273123, -20.412266757250816 ], [ 57.725746384273123, -20.412626083364465 ], [ 57.725656552744709, -20.412626083364465 ], [ 57.725656552744709, -20.412715914892875 ], [ 57.72538705815947, -20.412715914892875 ], [ 57.72538705815947, -20.412626083364465 ], [ 57.725027732045824, -20.412626083364465 ], [ 57.725027732045824, -20.412536251836052 ], [ 57.724848068989004, -20.412536251836052 ], [ 57.724848068989004, -20.412446420307639 ], [ 57.724758237460591, -20.412446420307639 ], [ 57.724758237460591, -20.412356588779229 ], [ 57.724668405932178, -20.412356588779229 ], [ 57.724668405932178, -20.41190743113717 ], [ 57.724578574403765, -20.41190743113717 ], [ 57.724578574403765, -20.411817599608757 ], [ 57.724488742875351, -20.411817599608757 ], [ 57.724488742875351, -20.411727768080343 ], [ 57.724398911346938, -20.411727768080343 ], [ 57.724398911346938, -20.411637936551934 ], [ 57.724488742875351, -20.411637936551934 ], [ 57.724488742875351, -20.411458273495107 ], [ 57.724668405932178, -20.411458273495107 ], [ 57.724668405932178, -20.411188778909871 ] ], [ [ 57.724219248290119, -20.411278610438284 ], [ 57.724309079818532, -20.411278610438284 ], [ 57.724309079818532, -20.411368441966697 ], [ 57.724219248290119, -20.411368441966697 ], [ 57.724219248290119, -20.411278610438284 ] ], [ [ 57.731854928205131, -20.417926143540768 ], [ 57.732663411960843, -20.417926143540768 ], [ 57.732663411960843, -20.418015975069181 ], [ 57.733022738074489, -20.418015975069181 ], [ 57.733022738074489, -20.418105806597591 ], [ 57.733382064188135, -20.418105806597591 ], [ 57.733382064188135, -20.418195638126004 ], [ 57.733651558773374, -20.418195638126004 ], [ 57.733651558773374, -20.418285469654418 ], [ 57.733921053358607, -20.418285469654418 ], [ 57.733921053358607, -20.418375301182827 ], [ 57.734190547943847, -20.418375301182827 ], [ 57.734190547943847, -20.418465132711241 ], [ 57.734460042529079, -20.418465132711241 ], [ 57.734460042529079, -20.418554964239654 ], [ 57.734639705585906, -20.418554964239654 ], [ 57.734639705585906, -20.418644795768063 ], [ 57.734819368642725, -20.418644795768063 ], [ 57.734819368642725, -20.418734627296477 ], [ 57.734999031699552, -20.418734627296477 ], [ 57.734999031699552, -20.41882445882489 ], [ 57.735088863227965, -20.41882445882489 ], [ 57.735088863227965, -20.4189142903533 ], [ 57.735178694756378, -20.4189142903533 ], [ 57.735178694756378, -20.419004121881713 ], [ 57.735268526284791, -20.419004121881713 ], [ 57.735268526284791, -20.419093953410123 ], [ 57.735358357813197, -20.419093953410123 ], [ 57.735358357813197, -20.419183784938536 ], [ 57.735448189341611, -20.419183784938536 ], [ 57.735448189341611, -20.419273616466949 ], [ 57.735538020870024, -20.419273616466949 ], [ 57.735538020870024, -20.419453279523772 ], [ 57.735627852398437, -20.419453279523772 ], [ 57.735627852398437, -20.419632942580595 ], [ 57.73571768392685, -20.419632942580595 ], [ 57.73571768392685, -20.419992268694244 ], [ 57.735807515455257, -20.419992268694244 ], [ 57.735807515455257, -20.420082100222654 ], [ 57.73571768392685, -20.420082100222654 ], [ 57.73571768392685, -20.42035159480789 ], [ 57.735627852398437, -20.42035159480789 ], [ 57.735627852398437, -20.420531257864717 ], [ 57.735538020870024, -20.420531257864717 ], [ 57.735538020870024, -20.420621089393126 ], [ 57.735448189341611, -20.420621089393126 ], [ 57.735448189341611, -20.420800752449953 ], [ 57.735358357813197, -20.420800752449953 ], [ 57.735358357813197, -20.420890583978363 ], [ 57.735268526284791, -20.420890583978363 ], [ 57.735268526284791, -20.420980415506776 ], [ 57.735178694756378, -20.420980415506776 ], [ 57.735178694756378, -20.421160078563599 ], [ 57.734999031699552, -20.421160078563599 ], [ 57.734999031699552, -20.421249910092012 ], [ 57.734909200171138, -20.421249910092012 ], [ 57.734909200171138, -20.421339741620422 ], [ 57.734819368642725, -20.421339741620422 ], [ 57.734819368642725, -20.421429573148835 ], [ 57.734639705585906, -20.421429573148835 ], [ 57.734639705585906, -20.421519404677248 ], [ 57.734549874057493, -20.421519404677248 ], [ 57.734549874057493, -20.421609236205658 ], [ 57.734460042529079, -20.421609236205658 ], [ 57.734460042529079, -20.421699067734071 ], [ 57.73428037947226, -20.421699067734071 ], [ 57.73428037947226, -20.421788899262484 ], [ 57.734190547943847, -20.421788899262484 ], [ 57.734190547943847, -20.421878730790894 ], [ 57.73401088488702, -20.421878730790894 ], [ 57.73401088488702, -20.421968562319307 ], [ 57.733831221830194, -20.421968562319307 ], [ 57.733831221830194, -20.422058393847717 ], [ 57.733741390301788, -20.422058393847717 ], [ 57.733741390301788, -20.42214822537613 ], [ 57.733471895716548, -20.42214822537613 ], [ 57.733471895716548, -20.422238056904543 ], [ 57.733202401131315, -20.422238056904543 ], [ 57.733202401131315, -20.422327888432953 ], [ 57.732393917375603, -20.422327888432953 ], [ 57.732393917375603, -20.422238056904543 ], [ 57.73212442279037, -20.422238056904543 ], [ 57.73212442279037, -20.42214822537613 ], [ 57.731944759733544, -20.42214822537613 ], [ 57.731944759733544, -20.422058393847717 ], [ 57.731765096676725, -20.422058393847717 ], [ 57.731765096676725, -20.421968562319307 ], [ 57.731675265148311, -20.421968562319307 ], [ 57.731675265148311, -20.421878730790894 ], [ 57.731585433619898, -20.421878730790894 ], [ 57.731585433619898, -20.421788899262484 ], [ 57.731495602091485, -20.421788899262484 ], [ 57.731495602091485, -20.421699067734071 ], [ 57.731405770563072, -20.421699067734071 ], [ 57.731405770563072, -20.421609236205658 ], [ 57.731315939034658, -20.421609236205658 ], [ 57.731315939034658, -20.421519404677248 ], [ 57.731226107506252, -20.421519404677248 ], [ 57.731226107506252, -20.421429573148835 ], [ 57.731136275977839, -20.421429573148835 ], [ 57.731136275977839, -20.421249910092012 ], [ 57.731046444449426, -20.421249910092012 ], [ 57.731046444449426, -20.421160078563599 ], [ 57.730956612921013, -20.421160078563599 ], [ 57.730956612921013, -20.420980415506776 ], [ 57.730866781392599, -20.420980415506776 ], [ 57.730866781392599, -20.420890583978363 ], [ 57.730776949864193, -20.420890583978363 ], [ 57.730776949864193, -20.420531257864717 ], [ 57.73068711833578, -20.420531257864717 ], [ 57.73068711833578, -20.420261763279481 ], [ 57.730597286807367, -20.420261763279481 ], [ 57.730597286807367, -20.419183784938536 ], [ 57.73068711833578, -20.419183784938536 ], [ 57.73068711833578, -20.419004121881713 ], [ 57.730776949864193, -20.419004121881713 ], [ 57.730776949864193, -20.418734627296477 ], [ 57.730866781392599, -20.418734627296477 ], [ 57.730866781392599, -20.418644795768063 ], [ 57.730956612921013, -20.418644795768063 ], [ 57.730956612921013, -20.418465132711241 ], [ 57.731046444449426, -20.418465132711241 ], [ 57.731046444449426, -20.418375301182827 ], [ 57.731136275977839, -20.418375301182827 ], [ 57.731136275977839, -20.418285469654418 ], [ 57.731226107506252, -20.418285469654418 ], [ 57.731226107506252, -20.418195638126004 ], [ 57.731405770563072, -20.418195638126004 ], [ 57.731405770563072, -20.418105806597591 ], [ 57.731585433619898, -20.418105806597591 ], [ 57.731585433619898, -20.418015975069181 ], [ 57.731854928205131, -20.418015975069181 ], [ 57.731854928205131, -20.417926143540768 ] ] ] } },
{ "type": "Feature", "properties": { "component_id": 23, "rank": 5, "pixel_count": 6858, "approx_area_km2": 0.64263518174808854, "mean_probability": 0.78988672794649784, "max_probability": 1.0, "centroid_lon": 57.752344716528029, "centroid_lat": -20.405458423354691, "distance_to_wakashio_km": 3.6985165374620377, "area_km2": 0.63908859533669815 }, "geometry": { "type": "Polygon", "coordinates": [ [ [ 57.744341510654394, -20.395288598380958 ], [ 57.744341510654394, -20.395378429909368 ], [ 57.744251679125981, -20.395378429909368 ], [ 57.744251679125981, -20.395468261437781 ], [ 57.744161847597574, -20.395468261437781 ], [ 57.744161847597574, -20.395647924494604 ], [ 57.744251679125981, -20.395647924494604 ], [ 57.744251679125981, -20.396007250608253 ], [ 57.744341510654394, -20.396007250608253 ], [ 57.744341510654394, -20.396186913665076 ], [ 57.744431342182807, -20.396186913665076 ], [ 57.744431342182807, -20.396905565892371 ], [ 57.74452117371122, -20.396905565892371 ], [ 57.74452117371122, -20.397264892006021 ], [ 57.744611005239634, -20.397264892006021 ], [ 57.744611005239634, -20.397534386591257 ], [ 57.74470083676804, -20.397534386591257 ], [ 57.74470083676804, -20.39771404964808 ], [ 57.744790668296453, -20.39771404964808 ], [ 57.744790668296453, -20.397983544233316 ], [ 57.744880499824866, -20.397983544233316 ], [ 57.744880499824866, -20.398163207290139 ], [ 57.744970331353279, -20.398163207290139 ], [ 57.744970331353279, -20.398342870346962 ], [ 57.745060162881693, -20.398342870346962 ], [ 57.745060162881693, -20.398612364932198 ], [ 57.745149994410106, -20.398612364932198 ], [ 57.745149994410106, -20.398792027989025 ], [ 57.745239825938512, -20.398792027989025 ], [ 57.745239825938512, -20.398971691045848 ], [ 57.745329657466925, -20.398971691045848 ], [ 57.745329657466925, -20.399151354102671 ], [ 57.745419488995338, -20.399151354102671 ], [ 57.745419488995338, -20.399420848687907 ], [ 57.745509320523752, -20.399420848687907 ], [ 57.745509320523752, -20.39960051174473 ], [ 57.745599152052165, -20.39960051174473 ], [ 57.745599152052165, -20.399690343273143 ], [ 57.745688983580571, -20.399690343273143 ], [ 57.745688983580571, -20.399870006329966 ], [ 57.745778815108984, -20.399870006329966 ], [ 57.745778815108984, -20.400049669386789 ], [ 57.745868646637398, -20.400049669386789 ], [ 57.745868646637398, -20.400229332443615 ], [ 57.745958478165811, -20.400229332443615 ], [ 57.745958478165811, -20.400408995500438 ], [ 57.746048309694224, -20.400408995500438 ], [ 57.746048309694224, -20.400678490085674 ], [ 57.746138141222637, -20.400678490085674 ], [ 57.746138141222637, -20.400858153142497 ], [ 57.746227972751043, -20.400858153142497 ], [ 57.746227972751043, -20.40103781619932 ], [ 57.746317804279457, -20.40103781619932 ], [ 57.746317804279457, -20.401217479256147 ], [ 57.74640763580787, -20.401217479256147 ], [ 57.74640763580787, -20.40139714231297 ], [ 57.746497467336283, -20.40139714231297 ], [ 57.746497467336283, -20.401576805369793 ], [ 57.746587298864696, -20.401576805369793 ], [ 57.746587298864696, -20.401666636898206 ], [ 57.746677130393103, -20.401666636898206 ], [ 57.746677130393103, -20.401846299955029 ], [ 57.746766961921516, -20.401846299955029 ], [ 57.746766961921516, -20.401936131483442 ], [ 57.746856793449929, -20.401936131483442 ], [ 57.746856793449929, -20.402025963011852 ], [ 57.746946624978342, -20.402025963011852 ], [ 57.746946624978342, -20.402205626068678 ], [ 57.747036456506756, -20.402205626068678 ], [ 57.747036456506756, -20.402295457597088 ], [ 57.747126288035169, -20.402295457597088 ], [ 57.747126288035169, -20.402385289125501 ], [ 57.747216119563575, -20.402385289125501 ], [ 57.747216119563575, -20.402475120653914 ], [ 57.747305951091988, -20.402475120653914 ], [ 57.747305951091988, -20.402564952182324 ], [ 57.747395782620401, -20.402564952182324 ], [ 57.747395782620401, -20.402654783710737 ], [ 57.747485614148815, -20.402654783710737 ], [ 57.747485614148815, -20.402744615239151 ], [ 57.747575445677228, -20.402744615239151 ], [ 57.747575445677228, -20.40283444676756 ], [ 57.747665277205634, -20.40283444676756 ], [ 57.747665277205634, -20.402924278295973 ], [ 57.747755108734047, -20.402924278295973 ], [ 57.747755108734047, -20.403014109824383 ], [ 57.747844940262461, -20.403014109824383 ], [ 57.747844940262461, -20.403103941352796 ], [ 57.747934771790874, -20.403103941352796 ], [ 57.747934771790874, -20.403283604409619 ], [ 57.7481144348477, -20.403283604409619 ], [ 57.7481144348477, -20.403463267466446 ], [ 57.74829409790452, -20.403463267466446 ], [ 57.74829409790452, -20.403553098994855 ], [ 57.748383929432933, -20.403553098994855 ], [ 57.748383929432933, -20.403642930523269 ], [ 57.748473760961346, -20.403642930523269 ], [ 57.748473760961346, -20.403732762051682 ], [ 57.748563592489759, -20.403732762051682 ], [ 57.748563592489759, -20.403822593580092 ], [ 57.748653424018165, -20.403822593580092 ], [ 57.748653424018165, -20.404002256636915 ], [ 57.748743255546579, -20.404002256636915 ], [ 57.748743255546579, -20.404092088165328 ], [ 57.748833087074992, -20.404092088165328 ], [ 57.748833087074992, -20.404271751222151 ], [ 57.748922918603405, -20.404271751222151 ], [ 57.748922918603405, -20.404361582750564 ], [ 57.749012750131818, -20.404361582750564 ], [ 57.749012750131818, -20.404541245807387 ], [ 57.749102581660232, -20.404541245807387 ], [ 57.749102581660232, -20.404720908864213 ], [ 57.749192413188638, -20.404720908864213 ], [ 57.749192413188638, -20.404810740392623 ], [ 57.749282244717051, -20.404810740392623 ], [ 57.749282244717051, -20.404900571921036 ], [ 57.749372076245464, -20.404900571921036 ], [ 57.749372076245464, -20.404990403449446 ], [ 57.749461907773878, -20.404990403449446 ], [ 57.749461907773878, -20.405080234977859 ], [ 57.749551739302291, -20.405080234977859 ], [ 57.749551739302291, -20.405170066506273 ], [ 57.749641570830697, -20.405170066506273 ], [ 57.749641570830697, -20.405259898034682 ], [ 57.74973140235911, -20.405259898034682 ], [ 57.74973140235911, -20.405349729563095 ], [ 57.749821233887523, -20.405349729563095 ], [ 57.749821233887523, -20.405439561091509 ], [ 57.749911065415937, -20.405439561091509 ], [ 57.749911065415937, -20.405529392619918 ], [ 57.75000089694435, -20.405529392619918 ], [ 57.75000089694435, -20.405619224148332 ], [ 57.750180560001169, -20.405619224148332 ], [ 57.750180560001169, -20.405709055676745 ], [ 57.750270391529583, -20.405709055676745 ], [ 57.750270391529583, -20.405888718733568 ], [ 57.750360223057996, -20.405888718733568 ], [ 57.750360223057996, -20.405978550261977 ], [ 57.750450054586409, -20.405978550261977 ], [ 57.750450054586409, -20.406068381790391 ], [ 57.750539886114822, -20.406068381790391 ], [ 57.750539886114822, -20.406158213318804 ], [ 57.750629717643228, -20.406158213318804 ], [ 57.750629717643228, -20.406248044847214 ], [ 57.750719549171642, -20.406248044847214 ], [ 57.750719549171642, -20.40642770790404 ], [ 57.750809380700055, -20.40642770790404 ], [ 57.750809380700055, -20.40651753943245 ], [ 57.750899212228468, -20.40651753943245 ], [ 57.750899212228468, -20.406607370960863 ], [ 57.750989043756881, -20.406607370960863 ], [ 57.750989043756881, -20.406697202489276 ], [ 57.751078875285295, -20.406697202489276 ], [ 57.751078875285295, -20.406787034017686 ], [ 57.751168706813701, -20.406787034017686 ], [ 57.751168706813701, -20.406876865546099 ], [ 57.751258538342114, -20.406876865546099 ], [ 57.751258538342114, -20.406966697074512 ], [ 57.751348369870527, -20.406966697074512 ], [ 57.751348369870527, -20.407056528602922 ], [ 57.75143820139894, -20.407056528602922 ], [ 57.75143820139894, -20.407146360131335 ], [ 57.751528032927354, -20.407146360131335 ], [ 57.751528032927354, -20.407236191659745 ], [ 57.75161786445576, -20.407236191659745 ], [ 57.75161786445576, -20.407326023188158 ], [ 57.751707695984173, -20.407326023188158 ], [ 57.751707695984173, -20.407415854716572 ], [ 57.751797527512586, -20.407415854716572 ], [ 57.751797527512586, -20.407505686244981 ], [ 57.751887359041, -20.407505686244981 ], [ 57.751887359041, -20.407595517773395 ], [ 57.751977190569413, -20.407595517773395 ], [ 57.751977190569413, -20.407685349301808 ], [ 57.752067022097826, -20.407685349301808 ], [ 57.752067022097826, -20.407775180830217 ], [ 57.752156853626232, -20.407775180830217 ], [ 57.752156853626232, -20.407865012358631 ], [ 57.752246685154645, -20.407865012358631 ], [ 57.752246685154645, -20.407954843887044 ], [ 57.752426348211472, -20.407954843887044 ], [ 57.752426348211472, -20.408044675415454 ], [ 57.752516179739885, -20.408044675415454 ], [ 57.752516179739885, -20.408134506943867 ], [ 57.752695842796705, -20.408134506943867 ], [ 57.752695842796705, -20.408224338472277 ], [ 57.752785674325118, -20.408224338472277 ], [ 57.752785674325118, -20.40831417000069 ], [ 57.752965337381944, -20.40831417000069 ], [ 57.752965337381944, -20.408404001529103 ], [ 57.753055168910358, -20.408404001529103 ], [ 57.753055168910358, -20.408493833057513 ], [ 57.753145000438764, -20.408493833057513 ], [ 57.753145000438764, -20.408583664585926 ], [ 57.75332466349559, -20.408583664585926 ], [ 57.75332466349559, -20.408673496114339 ], [ 57.753414495024003, -20.408673496114339 ], [ 57.753414495024003, -20.408763327642749 ], [ 57.753504326552417, -20.408763327642749 ], [ 57.753504326552417, -20.408853159171162 ], [ 57.753594158080823, -20.408853159171162 ], [ 57.753594158080823, -20.408942990699575 ], [ 57.753773821137649, -20.408942990699575 ], [ 57.753773821137649, -20.409032822227985 ], [ 57.753953484194476, -20.409032822227985 ], [ 57.753953484194476, -20.409122653756398 ], [ 57.754043315722889, -20.409122653756398 ], [ 57.754043315722889, -20.409212485284808 ], [ 57.754222978779708, -20.409212485284808 ], [ 57.754222978779708, -20.409302316813221 ], [ 57.754312810308122, -20.409302316813221 ], [ 57.754312810308122, -20.409392148341635 ], [ 57.754402641836535, -20.409392148341635 ], [ 57.754402641836535, -20.409481979870044 ], [ 57.754492473364948, -20.409481979870044 ], [ 57.754492473364948, -20.409571811398457 ], [ 57.754582304893354, -20.409571811398457 ], [ 57.754582304893354, -20.409661642926871 ], [ 57.754672136421767, -20.409661642926871 ], [ 57.754672136421767, -20.40975147445528 ], [ 57.754761967950181, -20.40975147445528 ], [ 57.754761967950181, -20.409841305983694 ], [ 57.754851799478594, -20.409841305983694 ], [ 57.754851799478594, -20.409931137512107 ], [ 57.75503146253542, -20.409931137512107 ], [ 57.75503146253542, -20.410020969040517 ], [ 57.755121294063827, -20.410020969040517 ], [ 57.755121294063827, -20.41011080056893 ], [ 57.75521112559224, -20.41011080056893 ], [ 57.75521112559224, -20.410200632097339 ], [ 57.755300957120653, -20.410200632097339 ], [ 57.755300957120653, -20.410290463625753 ], [ 57.755390788649066, -20.410290463625753 ], [ 57.755390788649066, -20.410380295154166 ], [ 57.755570451705886, -20.410380295154166 ], [ 57.755570451705886, -20.410470126682576 ], [ 57.755660283234299, -20.410470126682576 ], [ 57.755660283234299, -20.410559958210989 ], [ 57.755750114762712, -20.410559958210989 ], [ 57.755750114762712, -20.410649789739402 ], [ 57.755929777819539, -20.410649789739402 ], [ 57.755929777819539, -20.410739621267812 ], [ 57.756019609347952, -20.410739621267812 ], [ 57.756019609347952, -20.410829452796225 ], [ 57.756109440876358, -20.410829452796225 ], [ 57.756109440876358, -20.410919284324638 ], [ 57.756199272404771, -20.410919284324638 ], [ 57.756199272404771, -20.411009115853048 ], [ 57.756378935461598, -20.411009115853048 ], [ 57.756378935461598, -20.411098947381461 ], [ 57.756468766990011, -20.411098947381461 ], [ 57.756468766990011, -20.411188778909871 ], [ 57.75664843004683, -20.411188778909871 ], [ 57.75664843004683, -20.411278610438284 ], [ 57.756738261575244, -20.411278610438284 ], [ 57.756738261575244, -20.411368441966697 ], [ 57.75691792463207, -20.411368441966697 ], [ 57.75691792463207, -20.411458273495107 ], [ 57.757097587688889, -20.411458273495107 ], [ 57.757097587688889, -20.41154810502352 ], [ 57.757277250745716, -20.41154810502352 ], [ 57.757277250745716, -20.411637936551934 ], [ 57.757456913802542, -20.411637936551934 ], [ 57.757456913802542, -20.411727768080343 ], [ 57.757546745330949, -20.411727768080343 ], [ 57.757546745330949, -20.411817599608757 ], [ 57.757726408387775, -20.411817599608757 ], [ 57.757726408387775, -20.41190743113717 ], [ 57.757906071444602, -20.41190743113717 ], [ 57.757906071444602, -20.411997262665579 ], [ 57.758085734501421, -20.411997262665579 ], [ 57.758085734501421, -20.412087094193993 ], [ 57.758175566029834, -20.412087094193993 ], [ 57.758175566029834, -20.412176925722402 ], [ 57.758355229086661, -20.412176925722402 ], [ 57.758355229086661, -20.412266757250816 ], [ 57.758445060615074, -20.412266757250816 ], [ 57.758445060615074, -20.412356588779229 ], [ 57.75853489214348, -20.412356588779229 ], [ 57.75853489214348, -20.412446420307639 ], [ 57.758714555200307, -20.412446420307639 ], [ 57.758714555200307, -20.412536251836052 ], [ 57.758894218257133, -20.412536251836052 ], [ 57.758894218257133, -20.412626083364465 ], [ 57.758984049785546, -20.412626083364465 ], [ 57.758984049785546, -20.412715914892875 ], [ 57.759163712842366, -20.412715914892875 ], [ 57.759163712842366, -20.412985409478111 ], [ 57.759343375899192, -20.412985409478111 ], [ 57.759343375899192, -20.413075241006524 ], [ 57.759433207427605, -20.413075241006524 ], [ 57.759433207427605, -20.413165072534934 ], [ 57.759523038956011, -20.413165072534934 ], [ 57.759523038956011, -20.413254904063347 ], [ 57.759702702012838, -20.413254904063347 ], [ 57.759702702012838, -20.41334473559176 ], [ 57.759882365069664, -20.41334473559176 ], [ 57.759882365069664, -20.41343456712017 ], [ 57.760151859654897, -20.41343456712017 ], [ 57.760151859654897, -20.413524398648583 ], [ 57.760601017296956, -20.413524398648583 ], [ 57.760601017296956, -20.413614230176997 ], [ 57.761050174939015, -20.413614230176997 ], [ 57.761050174939015, -20.413524398648583 ], [ 57.761229837995842, -20.413524398648583 ], [ 57.761229837995842, -20.41343456712017 ], [ 57.761319669524255, -20.41343456712017 ], [ 57.761319669524255, -20.413254904063347 ], [ 57.761409501052668, -20.413254904063347 ], [ 57.761409501052668, -20.412715914892875 ], [ 57.761319669524255, -20.412715914892875 ], [ 57.761319669524255, -20.412356588779229 ], [ 57.761229837995842, -20.412356588779229 ], [ 57.761229837995842, -20.412087094193993 ], [ 57.761140006467429, -20.412087094193993 ], [ 57.761140006467429, -20.41190743113717 ], [ 57.761050174939015, -20.41190743113717 ], [ 57.761050174939015, -20.411817599608757 ], [ 57.760960343410609, -20.411817599608757 ], [ 57.760960343410609, -20.411727768080343 ], [ 57.760870511882196, -20.411727768080343 ], [ 57.760870511882196, -20.41154810502352 ], [ 57.760780680353783, -20.41154810502352 ], [ 57.760780680353783, -20.411278610438284 ], [ 57.760690848825369, -20.411278610438284 ], [ 57.760690848825369, -20.411098947381461 ], [ 57.760601017296956, -20.411098947381461 ], [ 57.760601017296956, -20.410919284324638 ], [ 57.760511185768543, -20.410919284324638 ], [ 57.760511185768543, -20.410829452796225 ], [ 57.760421354240137, -20.410829452796225 ], [ 57.760421354240137, -20.410739621267812 ], [ 57.760331522711724, -20.410739621267812 ], [ 57.760331522711724, -20.410649789739402 ], [ 57.760151859654897, -20.410649789739402 ], [ 57.760151859654897, -20.410559958210989 ], [ 57.759972196598078, -20.410559958210989 ], [ 57.759972196598078, -20.410470126682576 ], [ 57.759792533541251, -20.410470126682576 ], [ 57.759792533541251, -20.410380295154166 ], [ 57.759612870484425, -20.410380295154166 ], [ 57.759612870484425, -20.410290463625753 ], [ 57.759433207427605, -20.410290463625753 ], [ 57.759433207427605, -20.410200632097339 ], [ 57.759253544370779, -20.410200632097339 ], [ 57.759253544370779, -20.41011080056893 ], [ 57.759163712842366, -20.41011080056893 ], [ 57.759163712842366, -20.410020969040517 ], [ 57.758984049785546, -20.410020969040517 ], [ 57.758984049785546, -20.409931137512107 ], [ 57.758894218257133, -20.409931137512107 ], [ 57.758894218257133, -20.409841305983694 ], [ 57.758714555200307, -20.409841305983694 ], [ 57.758714555200307, -20.40975147445528 ], [ 57.758624723671893, -20.40975147445528 ], [ 57.758624723671893, -20.409661642926871 ], [ 57.758445060615074, -20.409661642926871 ], [ 57.758445060615074, -20.409571811398457 ], [ 57.758265397558247, -20.409571811398457 ], [ 57.758265397558247, -20.409481979870044 ], [ 57.758085734501421, -20.409481979870044 ], [ 57.758085734501421, -20.409392148341635 ], [ 57.757906071444602, -20.409392148341635 ], [ 57.757906071444602, -20.409302316813221 ], [ 57.757726408387775, -20.409302316813221 ], [ 57.757726408387775, -20.409212485284808 ], [ 57.757456913802542, -20.409212485284808 ], [ 57.757456913802542, -20.409122653756398 ], [ 57.757277250745716, -20.409122653756398 ], [ 57.757277250745716, -20.409032822227985 ], [ 57.757187419217303, -20.409032822227985 ], [ 57.757187419217303, -20.408942990699575 ], [ 57.757097587688889, -20.408942990699575 ], [ 57.757097587688889, -20.408853159171162 ], [ 57.757007756160483, -20.408853159171162 ], [ 57.757007756160483, -20.408763327642749 ], [ 57.75691792463207, -20.408763327642749 ], [ 57.75691792463207, -20.408673496114339 ], [ 57.756828093103657, -20.408673496114339 ], [ 57.756828093103657, -20.408583664585926 ], [ 57.75664843004683, -20.408583664585926 ], [ 57.75664843004683, -20.408404001529103 ], [ 57.756558598518417, -20.408404001529103 ], [ 57.756558598518417, -20.40831417000069 ], [ 57.756468766990011, -20.40831417000069 ], [ 57.756468766990011, -20.408224338472277 ], [ 57.756378935461598, -20.408224338472277 ], [ 57.756378935461598, -20.408134506943867 ], [ 57.756289103933184, -20.408134506943867 ], [ 57.756289103933184, -20.408044675415454 ], [ 57.756199272404771, -20.408044675415454 ], [ 57.756199272404771, -20.407954843887044 ], [ 57.756109440876358, -20.407954843887044 ], [ 57.756109440876358, -20.407865012358631 ], [ 57.756019609347952, -20.407865012358631 ], [ 57.756019609347952, -20.407775180830217 ], [ 57.755929777819539, -20.407775180830217 ], [ 57.755929777819539, -20.407685349301808 ], [ 57.755839946291125, -20.407685349301808 ], [ 57.755839946291125, -20.407595517773395 ], [ 57.755750114762712, -20.407595517773395 ], [ 57.755750114762712, -20.407505686244981 ], [ 57.755660283234299, -20.407505686244981 ], [ 57.755660283234299, -20.407415854716572 ], [ 57.755570451705886, -20.407415854716572 ], [ 57.755570451705886, -20.407326023188158 ], [ 57.75548062017748, -20.407326023188158 ], [ 57.75548062017748, -20.407236191659745 ], [ 57.755390788649066, -20.407236191659745 ], [ 57.755390788649066, -20.407146360131335 ], [ 57.755300957120653, -20.407146360131335 ], [ 57.755300957120653, -20.407056528602922 ], [ 57.75521112559224, -20.407056528602922 ], [ 57.75521112559224, -20.406966697074512 ], [ 57.755121294063827, -20.406966697074512 ], [ 57.755121294063827, -20.406876865546099 ], [ 57.75503146253542, -20.406876865546099 ], [ 57.75503146253542, -20.406787034017686 ], [ 57.754941631007007, -20.406787034017686 ], [ 57.754941631007007, -20.406697202489276 ], [ 57.754851799478594, -20.406697202489276 ], [ 57.754851799478594, -20.406607370960863 ], [ 57.754761967950181, -20.406607370960863 ], [ 57.754761967950181, -20.40651753943245 ], [ 57.754672136421767, -20.40651753943245 ], [ 57.754672136421767, -20.40642770790404 ], [ 57.754582304893354, -20.40642770790404 ], [ 57.754582304893354, -20.406337876375627 ], [ 57.754492473364948, -20.406337876375627 ], [ 57.754492473364948, -20.406248044847214 ], [ 57.754402641836535, -20.406248044847214 ], [ 57.754402641836535, -20.406158213318804 ], [ 57.754312810308122, -20.406158213318804 ], [ 57.754312810308122, -20.406068381790391 ], [ 57.754222978779708, -20.406068381790391 ], [ 57.754222978779708, -20.405978550261977 ], [ 57.754133147251295, -20.405978550261977 ], [ 57.754133147251295, -20.405798887205155 ], [ 57.754043315722889, -20.405798887205155 ], [ 57.754043315722889, -20.405709055676745 ], [ 57.753953484194476, -20.405709055676745 ], [ 57.753953484194476, -20.405619224148332 ], [ 57.753863652666062, -20.405619224148332 ], [ 57.753863652666062, -20.405529392619918 ], [ 57.753773821137649, -20.405529392619918 ], [ 57.753773821137649, -20.405439561091509 ], [ 57.753683989609236, -20.405439561091509 ], [ 57.753683989609236, -20.405259898034682 ], [ 57.753594158080823, -20.405259898034682 ], [ 57.753594158080823, -20.405170066506273 ], [ 57.753504326552417, -20.405170066506273 ], [ 57.753504326552417, -20.405080234977859 ], [ 57.753414495024003, -20.405080234977859 ], [ 57.753414495024003, -20.404900571921036 ], [ 57.75332466349559, -20.404900571921036 ], [ 57.75332466349559, -20.404810740392623 ], [ 57.753234831967177, -20.404810740392623 ], [ 57.753234831967177, -20.404720908864213 ], [ 57.753145000438764, -20.404720908864213 ], [ 57.753145000438764, -20.4046310773358 ], [ 57.753055168910358, -20.4046310773358 ], [ 57.753055168910358, -20.404541245807387 ], [ 57.752965337381944, -20.404541245807387 ], [ 57.752965337381944, -20.404451414278977 ], [ 57.752785674325118, -20.404451414278977 ], [ 57.752785674325118, -20.404361582750564 ], [ 57.752695842796705, -20.404361582750564 ], [ 57.752695842796705, -20.404271751222151 ], [ 57.752606011268291, -20.404271751222151 ], [ 57.752606011268291, -20.404181919693741 ], [ 57.752516179739885, -20.404181919693741 ], [ 57.752516179739885, -20.404092088165328 ], [ 57.752336516683059, -20.404092088165328 ], [ 57.752336516683059, -20.404002256636915 ], [ 57.752246685154645, -20.404002256636915 ], [ 57.752246685154645, -20.403912425108505 ], [ 57.752156853626232, -20.403912425108505 ], [ 57.752156853626232, -20.403822593580092 ], [ 57.751977190569413, -20.403822593580092 ], [ 57.751977190569413, -20.403732762051682 ], [ 57.751887359041, -20.403732762051682 ], [ 57.751887359041, -20.403642930523269 ], [ 57.751797527512586, -20.403642930523269 ], [ 57.751797527512586, -20.403553098994855 ], [ 57.751707695984173, -20.403553098994855 ], [ 57.751707695984173, -20.403463267466446 ], [ 57.751528032927354, -20.403463267466446 ], [ 57.751528032927354, -20.403373435938033 ], [ 57.75143820139894, -20.403373435938033 ], [ 57.75143820139894, -20.403283604409619 ], [ 57.751258538342114, -20.403283604409619 ], [ 57.751258538342114, -20.40319377288121 ], [ 57.751168706813701, -20.40319377288121 ], [ 57.751168706813701, -20.403103941352796 ], [ 57.751078875285295, -20.403103941352796 ], [ 57.751078875285295, -20.402924278295973 ], [ 57.750989043756881, -20.402924278295973 ], [ 57.750989043756881, -20.40283444676756 ], [ 57.750899212228468, -20.40283444676756 ], [ 57.750899212228468, -20.402654783710737 ], [ 57.750809380700055, -20.402654783710737 ], [ 57.750809380700055, -20.402564952182324 ], [ 57.750719549171642, -20.402564952182324 ], [ 57.750719549171642, -20.402475120653914 ], [ 57.750629717643228, -20.402475120653914 ], [ 57.750629717643228, -20.402295457597088 ], [ 57.750539886114822, -20.402295457597088 ], [ 57.750539886114822, -20.402205626068678 ], [ 57.750450054586409, -20.402205626068678 ], [ 57.750450054586409, -20.402115794540265 ], [ 57.750360223057996, -20.402115794540265 ], [ 57.750360223057996, -20.402025963011852 ], [ 57.750270391529583, -20.402025963011852 ], [ 57.750270391529583, -20.401936131483442 ], [ 57.750090728472763, -20.401936131483442 ], [ 57.750090728472763, -20.401846299955029 ], [ 57.75000089694435, -20.401846299955029 ], [ 57.75000089694435, -20.401756468426619 ], [ 57.749911065415937, -20.401756468426619 ], [ 57.749911065415937, -20.401666636898206 ], [ 57.749821233887523, -20.401666636898206 ], [ 57.749821233887523, -20.401576805369793 ], [ 57.74973140235911, -20.401576805369793 ], [ 57.74973140235911, -20.401486973841383 ], [ 57.749641570830697, -20.401486973841383 ], [ 57.749641570830697, -20.40139714231297 ], [ 57.749551739302291, -20.40139714231297 ], [ 57.749551739302291, -20.401307310784556 ], [ 57.749461907773878, -20.401307310784556 ], [ 57.749461907773878, -20.401217479256147 ], [ 57.749372076245464, -20.401217479256147 ], [ 57.749372076245464, -20.401127647727733 ], [ 57.749282244717051, -20.401127647727733 ], [ 57.749282244717051, -20.400947984670911 ], [ 57.749192413188638, -20.400947984670911 ], [ 57.749192413188638, -20.400858153142497 ], [ 57.749102581660232, -20.400858153142497 ], [ 57.749102581660232, -20.400768321614088 ], [ 57.749012750131818, -20.400768321614088 ], [ 57.749012750131818, -20.400678490085674 ], [ 57.748922918603405, -20.400678490085674 ], [ 57.748922918603405, -20.400588658557261 ], [ 57.748833087074992, -20.400588658557261 ], [ 57.748833087074992, -20.400498827028851 ], [ 57.748743255546579, -20.400498827028851 ], [ 57.748743255546579, -20.400408995500438 ], [ 57.748653424018165, -20.400408995500438 ], [ 57.748653424018165, -20.400229332443615 ], [ 57.748563592489759, -20.400229332443615 ], [ 57.748563592489759, -20.400139500915202 ], [ 57.748473760961346, -20.400139500915202 ], [ 57.748473760961346, -20.399959837858379 ], [ 57.748383929432933, -20.399959837858379 ], [ 57.748383929432933, -20.399870006329966 ], [ 57.74829409790452, -20.399870006329966 ], [ 57.74829409790452, -20.399780174801556 ], [ 57.748204266376106, -20.399780174801556 ], [ 57.748204266376106, -20.39960051174473 ], [ 57.7481144348477, -20.39960051174473 ], [ 57.7481144348477, -20.39951068021632 ], [ 57.748024603319287, -20.39951068021632 ], [ 57.748024603319287, -20.399331017159493 ], [ 57.747934771790874, -20.399331017159493 ], [ 57.747934771790874, -20.399061522574257 ], [ 57.747844940262461, -20.399061522574257 ], [ 57.747844940262461, -20.398881859517434 ], [ 57.747755108734047, -20.398881859517434 ], [ 57.747755108734047, -20.398702196460611 ], [ 57.747665277205634, -20.398702196460611 ], [ 57.747665277205634, -20.398522533403789 ], [ 57.747575445677228, -20.398522533403789 ], [ 57.747575445677228, -20.398432701875375 ], [ 57.747485614148815, -20.398432701875375 ], [ 57.747485614148815, -20.398342870346962 ], [ 57.747395782620401, -20.398342870346962 ], [ 57.747395782620401, -20.398253038818552 ], [ 57.747216119563575, -20.398253038818552 ], [ 57.747216119563575, -20.398163207290139 ], [ 57.747126288035169, -20.398163207290139 ], [ 57.747126288035169, -20.398073375761726 ], [ 57.747036456506756, -20.398073375761726 ], [ 57.747036456506756, -20.397983544233316 ], [ 57.746856793449929, -20.397983544233316 ], [ 57.746856793449929, -20.397893712704903 ], [ 57.746766961921516, -20.397893712704903 ], [ 57.746766961921516, -20.397803881176493 ], [ 57.746587298864696, -20.397803881176493 ], [ 57.746587298864696, -20.39771404964808 ], [ 57.746497467336283, -20.39771404964808 ], [ 57.746497467336283, -20.397624218119667 ], [ 57.74640763580787, -20.397624218119667 ], [ 57.74640763580787, -20.397534386591257 ], [ 57.746227972751043, -20.397534386591257 ], [ 57.746227972751043, -20.397444555062844 ], [ 57.746138141222637, -20.397444555062844 ], [ 57.746138141222637, -20.397354723534431 ], [ 57.746048309694224, -20.397354723534431 ], [ 57.746048309694224, -20.397264892006021 ], [ 57.745958478165811, -20.397264892006021 ], [ 57.745958478165811, -20.397175060477608 ], [ 57.745868646637398, -20.397175060477608 ], [ 57.745868646637398, -20.397085228949194 ], [ 57.745778815108984, -20.397085228949194 ], [ 57.745778815108984, -20.396905565892371 ], [ 57.745688983580571, -20.396905565892371 ], [ 57.745688983580571, -20.396725902835549 ], [ 57.745599152052165, -20.396725902835549 ], [ 57.745599152052165, -20.396456408250312 ], [ 57.745509320523752, -20.396456408250312 ], [ 57.745509320523752, -20.396276745193489 ], [ 57.745419488995338, -20.396276745193489 ], [ 57.745419488995338, -20.396186913665076 ], [ 57.745329657466925, -20.396186913665076 ], [ 57.745329657466925, -20.396007250608253 ], [ 57.745239825938512, -20.396007250608253 ], [ 57.745239825938512, -20.39591741907984 ], [ 57.745149994410106, -20.39591741907984 ], [ 57.745149994410106, -20.39582758755143 ], [ 57.745060162881693, -20.39582758755143 ], [ 57.745060162881693, -20.395647924494604 ], [ 57.744970331353279, -20.395647924494604 ], [ 57.744970331353279, -20.395558092966194 ], [ 57.744880499824866, -20.395558092966194 ], [ 57.744880499824866, -20.395468261437781 ], [ 57.744790668296453, -20.395468261437781 ], [ 57.744790668296453, -20.395378429909368 ], [ 57.74470083676804, -20.395378429909368 ], [ 57.74470083676804, -20.395288598380958 ], [ 57.744341510654394, -20.395288598380958 ] ] ] } },
{ "type": "Feature", "properties": { "component_id": 25, "rank": 12, "pixel_count": 114, "approx_area_km2": 0.010682474587238568, "mean_probability": 0.26615067845896673, "max_probability": 0.38431373238563538, "centroid_lon": 57.727234908458826, "centroid_lat": -20.425418408208671, "distance_to_wakashio_km": 2.3203126411947639, "area_km2": 0.010622068295418216 }, "geometry": { "type": "Polygon", "coordinates": [ [ [ 57.726824362614067, -20.424663508171665 ], [ 57.726824362614067, -20.425292328870547 ], [ 57.726734531085654, -20.425292328870547 ], [ 57.726734531085654, -20.425651654984197 ], [ 57.726914194142473, -20.425651654984197 ], [ 57.726914194142473, -20.42574148651261 ], [ 57.727004025670887, -20.42574148651261 ], [ 57.727004025670887, -20.42583131804102 ], [ 57.7270938571993, -20.42583131804102 ], [ 57.7270938571993, -20.425921149569433 ], [ 57.727183688727713, -20.425921149569433 ], [ 57.727183688727713, -20.426010981097846 ], [ 57.727363351784533, -20.426010981097846 ], [ 57.727363351784533, -20.426100812626256 ], [ 57.727543014841359, -20.426100812626256 ], [ 57.727543014841359, -20.426010981097846 ], [ 57.727632846369772, -20.426010981097846 ], [ 57.727632846369772, -20.425921149569433 ], [ 57.727722677898186, -20.425921149569433 ], [ 57.727722677898186, -20.425651654984197 ], [ 57.727632846369772, -20.425651654984197 ], [ 57.727632846369772, -20.425292328870547 ], [ 57.727722677898186, -20.425292328870547 ], [ 57.727722677898186, -20.425112665813725 ], [ 57.727632846369772, -20.425112665813725 ], [ 57.727632846369772, -20.425022834285315 ], [ 57.727363351784533, -20.425022834285315 ], [ 57.727363351784533, -20.424933002756902 ], [ 57.727183688727713, -20.424933002756902 ], [ 57.727183688727713, -20.424843171228488 ], [ 57.7270938571993, -20.424843171228488 ], [ 57.7270938571993, -20.424753339700079 ], [ 57.726914194142473, -20.424753339700079 ], [ 57.726914194142473, -20.424663508171665 ], [ 57.726824362614067, -20.424663508171665 ] ] ] } }
]
}
